"Time","Test #","Sample ID","Name","LOD Sigma","Li (%)","Li +/- (%)","Be (%)","Be +/- (%)","B (%)","B +/- (%)","C (%)","C +/- (%)","Mg (%)","Mg +/- (%)","Al (%)","Al +/- (%)","Si (%)","Si +/- (%)","Ti (%)","Ti +/- (%)","V (%)","V +/- (%)","Cr (%)","Cr +/- (%)","Mn (%)","Mn +/- (%)","Fe (%)","Fe +/- (%)","Co (%)","Co +/- (%)","Ni (%)","Ni +/- (%)","Cu (%)","Cu +/- (%)","Zn (%)","Zn +/- (%)","Se (%)","Se +/- (%)","Zr (%)","Zr +/- (%)","Nb (%)","Nb +/- (%)","Mo (%)","Mo +/- (%)","Ag (%)","Ag +/- (%)","Cd (%)","Cd +/- (%)","Sn (%)","Sn +/- (%)","Hf (%)","Hf +/- (%)","Ta (%)","Ta +/- (%)","W (%)","W +/- (%)","Re (%)","Re +/- (%)","Pb (%)","Pb +/- (%)","Bi (%)","Bi +/- (%)"
"2024-04-23 13:45:44","1837","20220930-test","Test #1837 13:45, Apr 23","3.0000","0.004612","0.0003928","0.0008372","4.532e-05",,,"0.2759","0.01193","100.0","13.02","3.200","0.07180","38.98","1.505","0.2659","0.01284",,,"1.003","0.09878","1.878","0.1264","3.101","0.1317",,,"-7.919","0.7372","11.43","2.108","-4.462","0.2088",,,,,,,,,,,,,,,,,,,,,,,"1.750","0.003979",,
"2024-04-23 13:53:17","1838","20220930-test","Test #1838 13:53, Apr 23","3.0000","0.001375","7.675e-05","0.0002074","2.540e-05",,,"1.004","0.07371","0.06506","0.005556","100.0","16.05","2.419","0.09828","0.02115","0.0005430",,,"0.02099","0.0008589","0.01847","0.002527","0.05977","0.009016",,,"0.2256","0.006393","0.009211","0.003868","0.1252","0.07384",,,,,,,,,,,,,,,,,,,,,,,"-0.05224","0.002901",,
"2024-04-23 14:00:19","1839","20220930-test","Test #1839 14:00, Apr 23","3.0000","0.005940","0.0003006","0.0007587","1.512e-06",,,"0.2143","0.03344","100.0","1.097","2.865","0.2098","31.89","0.3533","0.2471","0.002845",,,"0.9530","0.03931","1.841","0.1074","2.451","0.2063",,,"-5.721","0.6001","6.590","0.5346","-4.235","0.05255",,,,,,,,,,,,,,,,,,,,,,,"1.955","0.009202",,
"2024-04-23 14:02:40","1840","20220930-test","Test #1840 14:02, Apr 23","3.0000","0.001006","0.0001552","0.0002418","1.519e-05",,,"0.7916","0.08095","0.05687","0.003889","100.0","30.75","2.553","0.2662","0.01842","0.001827",,,"0.02591","0.002375","0.02187","0.002857","0.06217","0.006301",,,"0.1923","0.001402","0.002831","6.591e-05","0.03792","0.01051",,,,,,,,,,,,,,,,,,,,,,,"-0.05331","0.02188",,
"2024-04-23 15:09:59","1841","20220930-test","Test #1841 15:09, Apr 23","3.0000","0.01591","0.002526","0.0005026","7.015e-05",,,"1.440","0.08150","0.4037","0.01829","0.5607","0.1128","100.0","59.24","0.8045","0.06335",,,"0.05001","0.0009748","0.03326","0.004786","0.3968","0.05158",,,"0.1163","0.02161","3.694","1.561","1.796","0.1989",,,,,,,,,,,,,,,,,,,,,,,"0.1640","0.08434",,
"2024-04-24 13:01:01","1842","20220930-test","Test #1842 13:01, Apr 24","3.0000","0.01202","0.001307","0.001155","2.124e-05",,,"0.9927","0.03689","3.168","0.01887","0.6340","0.05621","100.0","27.83","0.2647","0.03150",,,"0.2204","0.1674","0.05786","0.01671","0.8074","0.2063",,,"0.5973","0.2768","0.02648","0.008293","0.4487","0.04846",,,,,,,,,,,,,,,,,,,,,,,"0.2784","0.02259",,
"2024-04-24 13:03:28","1843","20220930-test","Test #1843 13:03, Apr 24","3.0000","0.01602","0.004679","0.0009150","0.0002067",,,"0.9900","0.05846","1.692","0.06318","0.5132","0.09159","100.0","66.61","0.3503","0.01233",,,"0.4134","0.09206","0.06496","0.002343","0.7641","0.1125",,,"0.7962","0.08446","0.01049","0.005682","0.5765","0.03905",,,,,,,,,,,,,,,,,,,,,,,"0.1658","0.03424",,
"2024-04-24 13:04:13","1844","20220930-test","Test #1844 13:04, Apr 24","3.0000","0.02019","0.001689","0.0002299","7.396e-05",,,"0.6966","0.006294","0.1652","0.002091","2.125","0.4155","81.02","17.16","0.1348","0.01983",,,"0.03166","0.01782","0.03995","0.001934","0.5555","0.06941",,,"0.2087","0.02268","0.07660","0.03002","0.4783","0.07649",,,,,,,,,,,,,,,,,,,,,,,"-0.0009877","0.009788",,
"2024-04-24 13:04:51","1845","20220930-test","Test #1845 13:04, Apr 24","3.0000","0.01063","0.003365","0.0002524","4.143e-05",,,"0.8824","0.05942","0.1311","0.03532","0.8213","0.2801","100.0","79.49","0.1156","0.01878",,,"0.02312","0.01182","0.03143","0.003700","0.3159","0.07894",,,"0.2055","0.01070","0.03367","0.03291","0.4994","0.03510",,,,,,,,,,,,,,,,,,,,,,,"-0.001133","0.01238",,
"2024-04-24 13:05:21","1846","20220930-test","Test #1846 13:05, Apr 24","3.0000","0.01168","0.003036","0.0002696","2.576e-05",,,"1.145","0.01028","0.1100","0.007875","0.3557","0.09846","100.0","136.9","0.1685","0.02259",,,"0.1034","0.07053","0.02931","0.003711","0.3335","0.05207",,,"0.3419","0.08548","0.01495","0.0002283","0.3298","0.001799",,,,,,,,,,,,,,,,,,,,,,,"0.05881","0.008937",,
"2024-04-24 13:05:38","1847","20220930-test","Test #1847 13:05, Apr 24","3.0000","0.001812","0.0006682","0.0002064","2.049e-05",,,"0.9195","0.08257","0.01971","0.007622","0.06823","0.01823","100.0","884.5","0.05072","0.008707",,,"0.02711","0.02770","0.02016","0.002888","0.08353","0.009711",,,"0.2809","0.07992","-0.008209","0.002598","0.1784","0.05543",,,,,,,,,,,,,,,,,,,,,,,"-0.02565","0.009975",,
"2024-04-24 13:06:26","1848","20220930-test","Test #1848 13:06, Apr 24","3.0000","0.002023","0.0002614","0.0001603","1.041e-05",,,"0.5945","0.03235","0.02264","0.007487","0.1182","0.04095","100.0","922.3","0.07187","0.01871",,,"0.02139","0.01734","0.01859","0.0002576","0.09469","0.01703",,,"0.3239","0.03330","0.001072","0.006415","0.08322","0.03473",,,,,,,,,,,,,,,,,,,,,,,"-0.04243","0.02028",,
"2024-04-24 13:06:45","1849","20220930-test","Test #1849 13:06, Apr 24","3.0000","0.001615","0.0003880","0.0001928","3.860e-05",,,"0.5880","0.2070","0.009736","0.004148","0.04163","0.001990","100.0","24.89","0.02878","0.004058",,,"0.008401","0.009613","0.01956","0.0003894","0.06559","0.009631",,,"0.2188","0.02686","0.01130","0.008851","-0.04676","0.04625",,,,,,,,,,,,,,,,,,,,,,,"-0.08473","0.007328",,
"2024-04-24 13:08:18","1850","20220930-test","Test #1850 13:08, Apr 24","3.0000","0.001444","0.0001589","0.0002080","1.645e-05",,,"1.203","0.01913","0.06326","0.009499","100.0","32.14","2.824","0.02178","0.02270","0.0003507",,,"0.04042","0.004754","0.02341","0.0003295","0.06127","0.005719",,,"0.2013","0.009321","0.002201","0.0001000","0.05449","0.02183",,,,,,,,,,,,,,,,,,,,,,,"-0.04734","0.01531",,
"2024-04-24 13:08:50","1851","20220930-test","Test #1851 13:08, Apr 24","3.0000","0.001523","9.784e-05","0.0002216","2.466e-05",,,"1.159","0.01904","0.06244","0.004084","100.0","30.78","2.888","0.3698","0.02957","0.004695",,,"0.02779","0.002222","0.02241","0.001730","0.05966","0.003883",,,"0.1840","0.01464","-0.002658","0.005742","0.01822","0.001860",,,,,,,,,,,,,,,,,,,,,,,"-0.04266","0.0006204",,
"2024-04-24 13:16:28","1852","20220930-test","Test #1852 13:16, Apr 24","3.0000","0.003288","0.000","0.0004818","0.000",,,"0.5355","0.000","0.08348","0.000","0.09859","0.000","100.0","0.000","0.07021","0.000",,,"0.004936","0.000","0.01978","0.000","0.08045","0.000",,,"0.2117","0.000","-0.001808","0.000","0.1135","0.000",,,,,,,,,,,,,,,,,,,,,,,"-0.04977","0.000",,
"2024-04-24 13:22:23","1853","20220930-test","Test #1853 13:22, Apr 24","3.0000","0.01279","0.000","0.0006071","0.000",,,"0.6655","0.000","0.1444","0.000","0.2294","0.000","100.0","0.000","0.1321","0.000",,,"0.003566","0.000","0.02088","0.000","0.3391","0.000",,,"0.1704","0.000","-0.009037","0.000","0.08290","0.000",,,,,,,,,,,,,,,,,,,,,,,"0.007675","0.000",,
"2024-04-24 13:26:47","1854","20220930-test","Test #1854 13:26, Apr 24","3.0000","-7.624e-05","0.000","0.01705","0.000",,,"0.2419","0.000","3.250","0.000","4.272","0.000","33.77","0.000","0.3238","0.000",,,"13.63","0.000","0.7411","0.000","65.00","0.000",,,"8.146","0.000","0.2953","0.000","-0.9443","0.000",,,,,,,,,,,,,,,,,,,,,,,"1.138","0.000",,
"2024-04-24 13:29:32","1855","20220930-test","Test #1855 13:29, Apr 24","3.0000","-8.441e-05","1.086e-05","0.01643","0.0003162",,,"0.07116","0.009495","3.192","0.07593","4.055","0.08511","33.77","0.9091","0.3173","0.006259",,,"13.47","0.2460","0.7266","0.01673","76.75","2.028",,,"7.948","0.1323","0.2979","0.01775","-0.9511","0.01706",,,,,,,,,,,,,,,,,,,,,,,"1.135","0.004451",,
"2024-04-24 13:30:48","1856","20220930-test","Test #1856 13:30, Apr 24","3.0000","-0.0001062","0.000","0.01543","0.000",,,"0.1427","0.000","2.955","0.000","3.897","0.000","30.98","0.000","0.2762","0.000",,,"12.42","0.000","0.7080","0.000","62.35","0.000",,,"7.535","0.000","0.1756","0.000","-0.9441","0.000",,,,,,,,,,,,,,,,,,,,,,,"1.176","0.000",,
"2024-04-24 13:39:54","1857","20220930-test","Test #1857 13:39, Apr 24","3.0000","-0.0001489","0.000","0.0001252","0.000",,,"0.3487","0.000","-0.1245","0.000","19.72","0.000","1.690","0.000","4.203","0.000",,,"0.004825","0.000","0.03529","0.000","12.12","0.000",,,"0.08140","0.000","-0.006184","0.000","60.41","0.000",,,,,,,,,,,,,,,,,,,,,,,"0.2357","0.000",,
"2024-04-24 13:46:10","1858","20220930-test","Test #1858 13:46, Apr 24","3.0000","-0.0001831","0.000","0.0001171","0.000",,,"0.07393","0.000","-0.1712","0.000","10.46","0.000","8.226","0.000","1.409","0.000",,,"0.02342","0.000","0.05440","0.000","39.74","0.000",,,"-0.1488","0.000","-0.008683","0.000","48.79","0.000",,,,,,,,,,,,,,,,,,,,,,,"0.4590","0.000",,
"2024-04-24 13:54:41","1859","20220930-test","Test #1859 13:54, Apr 24","3.0000","-0.0001891","0.000","0.0001164","0.000",,,"0.1230","0.000","-0.1717","0.000","11.65","0.000","7.557","0.000","1.807","0.000",,,"0.02278","0.000","0.05145","0.000","36.55","0.000",,,"-0.1417","0.000","-0.009093","0.000","54.17","0.000",,,,,,,,,,,,,,,,,,,,,,,"0.4366","0.000",,
"2024-04-24 14:28:31","1860","20220930-test","Test #1860 14:28, Apr 24","3.0000","-0.0001871","0.000","0.0001297","0.000",,,"0.1183","0.000","-0.1711","0.000","9.937","0.000","5.868","0.000","2.536","0.000",,,"0.02200","0.000","0.04922","0.000","34.68","0.000",,,"-0.1245","0.000","-0.009072","0.000","62.59","0.000",,,,,,,,,,,,,,,,,,,,,,,"0.4090","0.000",,
"2024-04-24 14:49:32","1861","20220930-test","Test #1861 14:49, Apr 24","3.0000","-0.0001952","0.000","0.0001174","0.000",,,"0.09009","0.000","-0.1714","0.000","9.969","0.000","7.435","0.000","1.138","0.000",,,"0.02277","0.000","0.05287","0.000","39.75","0.000",,,"-0.1314","0.000","-0.007809","0.000","42.92","0.000",,,,,,,,,,,,,,,,,,,,,,,"0.4288","0.000",,
"2024-04-24 14:56:10","1862","20220930-test","Test #1862 14:56, Apr 24","3.0000","-0.0001567","0.000","0.0001202","0.000",,,"0.09601","0.000","-0.1715","0.000","8.573","0.000","7.911","0.000","1.230","0.000",,,"0.02738","0.000","0.05711","0.000","43.39","0.000",,,"-0.1387","0.000","-0.008668","0.000","46.48","0.000",,,,,,,,,,,,,,,,,,,,,,,"0.4555","0.000",,
"2024-04-24 14:58:32","1863","20220930-test","Test #1863 14:58, Apr 24","3.0000","-0.0001758","0.000","0.0001193","0.000",,,"0.09016","0.000","-0.1715","0.000","9.698","0.000","7.481","0.000","1.327","0.000",,,"0.02353","0.000","0.05358","0.000","40.74","0.000",,,"-0.1353","0.000","-0.008911","0.000","45.77","0.000",,,,,,,,,,,,,,,,,,,,,,,"0.4286","0.000",,
"2024-04-24 15:05:36","1864","20220930-test","Test #1864 15:05, Apr 24","3.0000","-0.0001973","0.000","0.0001158","0.000",,,"0.1326","0.000","-0.1702","0.000","8.104","0.000","8.273","0.000","1.592","0.000",,,"0.02789","0.000","0.05703","0.000","44.81","0.000",,,"-0.1733","0.000","-0.009103","0.000","53.32","0.000",,,,,,,,,,,,,,,,,,,,,,,"0.4611","0.000",,
"2024-04-24 15:08:40","1865","20220930-test","Test #1865 15:08, Apr 24","3.0000","-0.0001856","0.000","0.0001106","0.000",,,"0.1261","0.000","-0.1717","0.000","8.988","0.000","6.875","0.000","1.375","0.000",,,"0.02307","0.000","0.05391","0.000","42.00","0.000",,,"-0.1105","0.000","-0.008611","0.000","48.81","0.000",,,,,,,,,,,,,,,,,,,,,,,"0.4234","0.000",,
"2024-04-24 15:10:49","1866","20220930-test","Test #1866 15:10, Apr 24","3.0000","-0.0001874","0.000","0.0001115","0.000",,,"0.09750","0.000","-0.1690","0.000","10.32","0.000","5.690","0.000","1.457","0.000",,,"0.02028","0.000","0.04893","0.000","37.52","0.000",,,"-0.08317","0.000","-0.008097","0.000","47.27","0.000",,,,,,,,,,,,,,,,,,,,,,,"0.3853","0.000",,
"2024-04-24 15:13:00","1867","20220930-test","Test #1867 15:13, Apr 24","3.0000","-0.0002026","0.000","0.0001141","0.000",,,"0.09238","0.000","-0.1687","0.000","10.38","0.000","5.938","0.000","1.670","0.000",,,"0.01784","0.000","0.04818","0.000","37.66","0.000",,,"-0.05285","0.000","-0.007785","0.000","52.58","0.000",,,,,,,,,,,,,,,,,,,,,,,"0.3804","0.000",,
"2024-04-24 15:17:15","1868","20220930-test","Test #1868 15:17, Apr 24","3.0000","-0.0001754","0.000","0.0001170","0.000",,,"0.1832","0.000","-0.1693","0.000","8.026","0.000","4.657","0.000","4.643","0.000",,,"0.01118","0.000","0.04119","0.000","20.16","0.000",,,"0.04170","0.000","-0.008823","0.000","100.0","0.000",,,,,,,,,,,,,,,,,,,,,,,"0.2217","0.000",,
"2024-04-24 15:19:25","1869","20220930-test","Test #1869 15:19, Apr 24","3.0000","6.914e-05","0.000","0.0001550","0.000",,,"0.2035","0.000","-0.07826","0.000","5.605","0.000","3.538","0.000","11.89","0.000",,,"0.004718","0.000","0.03032","0.000","3.371","0.000",,,"0.2214","0.000","-0.006726","0.000","100.0","0.000",,,,,,,,,,,,,,,,,,,,,,,"0.03364","0.000",,
"2024-04-25 10:02:53","1870","20220930-test","Test #1870 10:02, Apr 25","3.0000","-0.0001577","0.000","0.0001102","0.000",,,"0.1959","0.000","-0.1018","0.000","9.937","0.000","7.875","0.000","4.590","0.000",,,"0.007635","0.000","0.04752","0.000","34.70","0.000",,,"0.01466","0.000","-0.008841","0.000","63.89","0.000",,,,,,,,,,,,,,,,,,,,,,,"-0.04718","0.000",,
"2024-04-25 10:07:13","1871","20220930-test","Test #1871 10:07, Apr 25","3.0000","-0.0001970","0.000","0.0001126","0.000",,,"0.1065","0.000","0.1111","0.000","7.042","0.000","13.00","0.000","1.102","0.000",,,"0.01931","0.000","0.06743","0.000","52.37","0.000",,,"-0.1056","0.000","-0.009095","0.000","34.49","0.000",,,,,,,,,,,,,,,,,,,,,,,"-0.04908","0.000",,
"2024-04-25 10:09:37","1872","20220930-test","Test #1872 10:09, Apr 25","3.0000","-0.0001987","0.000","0.0001041","0.000",,,"0.1586","0.000","-0.03511","0.000","8.976","0.000","8.962","0.000","2.044","0.000",,,"0.01027","0.000","0.05349","0.000","41.96","0.000",,,"-0.03804","0.000","-0.008815","0.000","43.88","0.000",,,,,,,,,,,,,,,,,,,,,,,"-0.05595","0.000",,
"2024-04-25 10:11:56","1873","20220930-test","Test #1873 10:11, Apr 25","3.0000","-0.0001911","0.000","0.0001096","0.000",,,"0.1420","0.000","0.007483","0.000","8.661","0.000","10.46","0.000","1.760","0.000",,,"0.01542","0.000","0.05706","0.000","44.99","0.000",,,"-0.07527","0.000","-0.009051","0.000","40.47","0.000",,,,,,,,,,,,,,,,,,,,,,,"-0.06352","0.000",,
"2024-04-25 10:14:12","1874","20220930-test","Test #1874 10:14, Apr 25","3.0000","-0.0001814","0.000","0.0001148","0.000",,,"0.1171","0.000","0.08202","0.000","7.339","0.000","11.83","0.000","1.022","0.000",,,"0.02153","0.000","0.06462","0.000","49.43","0.000",,,"-0.1356","0.000","-0.008931","0.000","32.82","0.000",,,,,,,,,,,,,,,,,,,,,,,"-0.09257","0.000",,
"2024-04-25 10:17:07","1875","20220930-test","Test #1875 10:17, Apr 25","3.0000","-0.0001886","0.000","8.718e-05","0.000",,,"0.05540","0.000","-0.08612","0.000","9.601","0.000","8.540","0.000","0.6031","0.000",,,"0.01178","0.000","0.05469","0.000","37.39","0.000",,,"-0.1103","0.000","0.002013","0.000","24.48","0.000",,,,,,,,,,,,,,,,,,,,,,,"-0.1199","0.000",,
"2024-04-25 10:19:54","1876","20220930-test","Test #1876 10:19, Apr 25","3.0000","-0.0001932","0.000","8.787e-05","0.000",,,"0.05314","0.000","-0.09196","0.000","10.48","0.000","8.884","0.000","0.5400","0.000",,,"0.01171","0.000","0.05392","0.000","37.28","0.000",,,"-0.1188","0.000","0.003394","0.000","22.95","0.000",,,,,,,,,,,,,,,,,,,,,,,"-0.1481","0.000",,
"2024-04-25 10:51:48","1877","20220930-test","Test #1877 10:51, Apr 25","3.0000","-0.0001957","0.000","8.785e-05","0.000",,,"0.06617","0.000","-0.1709","0.000","12.53","0.000","7.644","0.000","0.6819","0.000",,,"0.007384","0.000","0.04845","0.000","27.12","0.000",,,"-0.06375","0.000","0.005355","0.000","22.70","0.000",,,,,,,,,,,,,,,,,,,,,,,"0.2887","0.000",,
"2024-04-25 10:55:20","1878","20220930-test","Test #1878 10:55, Apr 25","3.0000","-0.0001914","0.000","8.440e-05","0.000",,,"0.05871","0.000","-0.1710","0.000","11.32","0.000","7.400","0.000","0.6276","0.000",,,"0.007974","0.000","0.05022","0.000","29.64","0.000",,,"-0.06401","0.000","0.006007","0.000","21.28","0.000",,,,,,,,,,,,,,,,,,,,,,,"0.3169","0.000",,
"2024-04-25 10:56:41","1879","20220930-test","Test #1879 10:56, Apr 25","3.0000","-0.0001906","0.000","9.214e-05","0.000",,,"0.05943","0.000","-0.1717","0.000","10.41","0.000","9.373","0.000","0.4964","0.000",,,"0.01122","0.000","0.05570","0.000","32.03","0.000",,,"-0.1092","0.000","0.002567","0.000","20.72","0.000",,,,,,,,,,,,,,,,,,,,,,,"0.3354","0.000",,
"2024-04-25 10:58:23","1880","20220930-test","Test #1880 10:58, Apr 25","3.0000","-0.0002038","0.000","8.221e-05","0.000",,,"0.08868","0.000","-0.1534","0.000","18.07","0.000","5.112","0.000","1.151","0.000",,,"0.001433","0.000","0.03895","0.000","21.89","0.000",,,"0.01344","0.000","0.01072","0.000","25.49","0.000",,,,,,,,,,,,,,,,,,,,,,,"0.2421","0.000",,
"2024-04-25 10:59:59","1881","20220930-test","Test #1881 10:59, Apr 25","3.0000","-0.0001969","0.000","8.934e-05","0.000",,,"0.07477","0.000","-0.1617","0.000","14.54","0.000","6.384","0.000","0.8825","0.000",,,"0.004804","0.000","0.04373","0.000","26.07","0.000",,,"-0.03069","0.000","0.007655","0.000","23.73","0.000",,,,,,,,,,,,,,,,,,,,,,,"0.2829","0.000",,
"2024-04-25 11:01:39","1882","20220930-test","Test #1882 11:01, Apr 25","3.0000","-0.0002022","0.000","8.633e-05","0.000",,,"0.07500","0.000","-0.1542","0.000","15.30","0.000","5.229","0.000","0.8184","0.000",,,"0.003655","0.000","0.04211","0.000","24.22","0.000",,,"-0.008025","0.000","0.01073","0.000","22.20","0.000",,,,,,,,,,,,,,,,,,,,,,,"0.2638","0.000",,
"2024-04-25 11:03:28","1883","20220930-test","Test #1883 11:03, Apr 25","3.0000","-0.0002040","0.000","8.587e-05","0.000",,,"0.08581","0.000","-0.1557","0.000","14.15","0.000","5.466","0.000","0.8574","0.000",,,"0.004784","0.000","0.04285","0.000","25.79","0.000",,,"-0.02809","0.000","0.008477","0.000","23.28","0.000",,,,,,,,,,,,,,,,,,,,,,,"0.2755","0.000",,
"2024-04-25 11:06:14","1884","20220930-test","Test #1884 11:06, Apr 25","3.0000","-0.0001958","0.000","9.158e-05","0.000",,,"0.06814","0.000","-0.1630","0.000","12.04","0.000","6.731","0.000","0.6355","0.000",,,"0.006568","0.000","0.04700","0.000","30.21","0.000",,,"-0.06126","0.000","0.007520","0.000","20.96","0.000",,,,,,,,,,,,,,,,,,,,,,,"0.3138","0.000",,
"2024-04-25 11:07:54","1885","20220930-test","Test #1885 11:07, Apr 25","3.0000","3.146e-05","0.000","8.318e-05","0.000",,,"0.3246","0.000","-0.1051","0.000","24.19","0.000","1.665","0.000","2.753","0.000",,,"-0.001587","0.000","0.03157","0.000","11.19","0.000",,,"0.1121","0.000","0.007264","0.000","30.20","0.000",,,,,,,,,,,,,,,,,,,,,,,"0.1543","0.000",,
"2024-04-25 11:10:41","1886","20220930-test","Test #1886 11:10, Apr 25","3.0000","-0.0002004","0.000","7.928e-05","0.000",,,"0.08727","0.000","-0.1633","0.000","12.82","0.000","5.999","0.000","0.7731","0.000",,,"0.004081","0.000","0.04599","0.000","26.89","0.000",,,"-0.007808","0.000","0.01082","0.000","23.16","0.000",,,,,,,,,,,,,,,,,,,,,,,"0.3321","0.000",,
"2024-04-25 11:12:59","1887","20220930-test","Test #1887 11:12, Apr 25","3.0000","-0.0001998","0.000","8.464e-05","0.000",,,"0.08272","0.000","-0.1605","0.000","13.86","0.000","5.524","0.000","0.9813","0.000",,,"0.003241","0.000","0.04285","0.000","25.93","0.000",,,"0.009383","0.000","0.01120","0.000","24.35","0.000",,,,,,,,,,,,,,,,,,,,,,,"0.3157","0.000",,
"2024-04-25 11:15:26","1888","20220930-test","Test #1888 11:15, Apr 25","3.0000","-0.0002019","0.000","8.468e-05","0.000",,,"0.06686","0.000","-0.1678","0.000","10.93","0.000","7.219","0.000","0.5468","0.000",,,"0.007154","0.000","0.05134","0.000","30.94","0.000",,,"-0.04683","0.000","0.008786","0.000","19.61","0.000",,,,,,,,,,,,,,,,,,,,,,,"0.3639","0.000",,
"2024-04-25 11:17:17","1889","20220930-test","Test #1889 11:17, Apr 25","3.0000","-0.0002083","0.000","8.004e-05","0.000",,,"0.08874","0.000","-0.1640","0.000","11.89","0.000","4.887","0.000","0.9497","0.000",,,"0.002622","0.000","0.04393","0.000","28.19","0.000",,,"0.01589","0.000","0.01212","0.000","24.95","0.000",,,,,,,,,,,,,,,,,,,,,,,"0.3290","0.000",,
"2024-04-25 11:22:52","1890","20220930-test","Test #1890 11:22, Apr 25","3.0000","-0.0001877","0.000","9.175e-05","0.000",,,"0.06466","0.000","-0.1681","0.000","7.758","0.000","9.632","0.000","0.9208","0.000",,,"0.01272","0.000","0.07497","0.000","43.03","0.000",,,"-0.07181","0.000","-0.004898","0.000","26.73","0.000",,,,,,,,,,,,,,,,,,,,,,,"0.4546","0.000",,
"2024-04-25 11:40:10","1891","20220930-test","Test #1891 11:40, Apr 25","3.0000","-0.0001816","0.000","9.288e-05","0.000",,,"0.05715","0.000","-0.1678","0.000","7.263","0.000","9.669","0.000","0.7180","0.000",,,"0.01611","0.000","0.08007","0.000","45.03","0.000",,,"-0.09712","0.000","-0.005048","0.000","23.81","0.000",,,,,,,,,,,,,,,,,,,,,,,"0.4314","0.000",,
"2024-04-25 11:41:53","1892","20220930-test","Test #1892 11:41, Apr 25","3.0000","-0.0001926","0.000","9.040e-05","0.000",,,"0.06112","0.000","-0.1682","0.000","7.476","0.000","9.283","0.000","0.7677","0.000",,,"0.01338","0.000","0.07686","0.000","45.43","0.000",,,"-0.06627","0.000","-0.003528","0.000","24.58","0.000",,,,,,,,,,,,,,,,,,,,,,,"0.4279","0.000",,
"2024-04-25 11:44:28","1893","20220930-test","Test #1893 11:44, Apr 25","3.0000","-0.0001941","0.000","8.705e-05","0.000",,,"0.05882","0.000","-0.1679","0.000","7.560","0.000","8.888","0.000","0.7833","0.000",,,"0.01248","0.000","0.07423","0.000","45.65","0.000",,,"-0.05207","0.000","-0.002221","0.000","24.77","0.000",,,,,,,,,,,,,,,,,,,,,,,"0.4240","0.000",,
"2024-04-25 11:46:32","1894","20220930-test","Test #1894 11:46, Apr 25","3.0000","-0.0001896","0.000","9.546e-05","0.000",,,"0.06924","0.000","-0.1654","0.000","7.090","0.000","9.247","0.000","0.8043","0.000",,,"0.01544","0.000","0.07969","0.000","46.43","0.000",,,"-0.09435","0.000","-0.004994","0.000","25.81","0.000",,,,,,,,,,,,,,,,,,,,,,,"0.4311","0.000",,
"2024-04-25 11:48:16","1895","20220930-test","Test #1895 11:48, Apr 25","3.0000","-0.0002007","0.000","9.100e-05","0.000",,,"0.05529","0.000","-0.1672","0.000","7.361","0.000","9.786","0.000","0.6980","0.000",,,"0.01433","0.000","0.07832","0.000","46.46","0.000",,,"-0.08447","0.000","-0.004187","0.000","24.27","0.000",,,,,,,,,,,,,,,,,,,,,,,"0.4166","0.000",,
"2024-04-25 11:50:10","1896","20220930-test","Test #1896 11:50, Apr 25","3.0000","-0.0001899","0.000","9.480e-05","0.000",,,"0.05165","0.000","-0.1514","0.000","6.086","0.000","12.17","0.000","0.4958","0.000",,,"0.02222","0.000","0.09256","0.000","52.23","0.000",,,"-0.1444","0.000","-0.007137","0.000","22.18","0.000",,,,,,,,,,,,,,,,,,,,,,,"0.4550","0.000",,
"2024-04-25 11:52:10","1897","20220930-test","Test #1897 11:52, Apr 25","3.0000","-0.0001931","0.000","8.932e-05","0.000",,,"0.1824","0.000","-0.1545","0.000","7.809","0.000","4.329","0.000","4.940","0.000",,,"0.005756","0.000","0.04611","0.000","18.23","0.000",,,"0.05154","0.000","-0.008905","0.000","100.0","0.000",,,,,,,,,,,,,,,,,,,,,,,"0.2268","0.000",,
"2024-04-25 11:58:29","1898","20220930-test","Test #1898 11:58, Apr 25","3.0000","-0.0001925","0.000","8.963e-05","0.000",,,"0.04458","0.000","-0.1156","0.000","6.045","0.000","10.70","0.000","0.5927","0.000",,,"0.01723","0.000","0.08790","0.000","52.40","0.000",,,"-0.08418","0.000","-0.004444","0.000","22.21","0.000",,,,,,,,,,,,,,,,,,,,,,,"0.3100","0.000",,
"2024-04-25 12:00:24","1899","20220930-test","Test #1899 12:00, Apr 25","3.0000","-0.0001999","0.000","8.770e-05","0.000",,,"0.05370","0.000","-0.1482","0.000","7.155","0.000","8.109","0.000","0.9076","0.000",,,"0.01200","0.000","0.07441","0.000","45.95","0.000",,,"-0.03040","0.000","-0.001775","0.000","25.26","0.000",,,,,,,,,,,,,,,,,,,,,,,"0.2786","0.000",,
"2024-04-25 12:02:01","1900","20220930-test","Test #1900 12:02, Apr 25","3.0000","-0.0001980","0.000","8.464e-05","0.000",,,"0.08080","0.000","-0.1554","0.000","8.155","0.000","7.599","0.000","1.504","0.000",,,"0.009479","0.000","0.06913","0.000","42.24","0.000",,,"-0.006801","0.000","-0.002834","0.000","32.52","0.000",,,,,,,,,,,,,,,,,,,,,,,"0.2549","0.000",,
"2024-04-25 12:03:53","1901","20220930-test","Test #1901 12:03, Apr 25","3.0000","-0.0002013","0.000","8.533e-05","0.000",,,"0.06272","0.000","-0.1559","0.000","7.754","0.000","7.597","0.000","1.072","0.000",,,"0.009238","0.000","0.07085","0.000","43.40","0.000",,,"-0.008451","0.000","-0.001266","0.000","27.40","0.000",,,,,,,,,,,,,,,,,,,,,,,"0.2665","0.000",,
"2024-04-25 12:05:35","1902","20220930-test","Test #1902 12:05, Apr 25","3.0000","-0.0001975","0.000","8.688e-05","0.000",,,"0.1115","0.000","-0.1368","0.000","7.203","0.000","8.896","0.000","1.070","0.000",,,"0.01204","0.000","0.07527","0.000","47.47","0.000",,,"-0.03192","0.000","-0.002549","0.000","29.50","0.000",,,,,,,,,,,,,,,,,,,,,,,"0.2902","0.000",,
"2024-04-25 12:13:48","1903","20220930-test","Test #1903 12:13, Apr 25","3.0000","-0.0001811","0.000","0.0002162","0.000",,,"0.2383","0.000","1.036","0.000","2.902","0.000","20.41","0.000","3.160","0.000",,,"0.1556","0.000","0.5825","0.000","85.03","0.000",,,"-0.1822","0.000","-0.007446","0.000","56.16","0.000",,,,,,,,,,,,,,,,,,,,,,,"0.4527","0.000",,
"2024-04-25 12:34:24","1904","20220930-test","Test #1904 12:34, Apr 25","3.0000","-0.0001744","0.000","0.0002412","0.000",,,"0.1022","0.000","1.223","0.000","2.927","0.000","23.51","0.000","1.648","0.000",,,"0.1710","0.000","0.6558","0.000","94.63","0.000",,,"-0.2399","0.000","-0.008734","0.000","40.81","0.000",,,,,,,,,,,,,,,,,,,,,,,"0.4001","0.000",,
"2024-04-25 12:36:34","1905","20220930-test","Test #1905 12:36, Apr 25","3.0000","-0.0001684","0.000","0.0002326","0.000",,,"0.09919","0.000","1.160","0.000","2.741","0.000","22.56","0.000","1.588","0.000",,,"0.1780","0.000","0.6833","0.000","93.63","0.000",,,"-0.2424","0.000","-0.008679","0.000","40.89","0.000",,,,,,,,,,,,,,,,,,,,,,,"0.4018","0.000",,
"2024-04-25 12:38:04","1906","20220930-test","Test #1906 12:38, Apr 25","3.0000","-0.0001808","0.000","0.0002275","0.000",,,"0.09509","0.000","1.174","0.000","2.746","0.000","22.51","0.000","1.661","0.000",,,"0.1757","0.000","0.6926","0.000","94.47","0.000",,,"-0.2261","0.000","-0.008940","0.000","39.68","0.000",,,,,,,,,,,,,,,,,,,,,,,"0.3925","0.000",,
"2024-04-25 12:40:00","1907","20220930-test","Test #1907 12:40, Apr 25","3.0000","-0.0001756","0.000","0.0002335","0.000",,,"0.1074","0.000","1.165","0.000","2.733","0.000","21.93","0.000","1.563","0.000",,,"0.1770","0.000","0.6694","0.000","92.39","0.000",,,"-0.2351","0.000","-0.008983","0.000","40.16","0.000",,,,,,,,,,,,,,,,,,,,,,,"0.3818","0.000",,
"2024-04-25 12:41:59","1908","20220930-test","Test #1908 12:41, Apr 25","3.0000","-0.0001807","0.000","0.0002308","0.000",,,"0.1292","0.000","1.149","0.000","2.852","0.000","22.02","0.000","1.930","0.000",,,"0.1780","0.000","0.6564","0.000","92.50","0.000",,,"-0.2336","0.000","-0.008560","0.000","44.17","0.000",,,,,,,,,,,,,,,,,,,,,,,"0.3692","0.000",,
"2024-04-25 12:43:50","1909","20220930-test","Test #1909 12:43, Apr 25","3.0000","-0.0001746","0.000","0.0002152","0.000",,,"0.1371","0.000","1.181","0.000","2.825","0.000","20.28","0.000","2.198","0.000",,,"0.1622","0.000","0.6177","0.000","93.68","0.000",,,"-0.1853","0.000","-0.008773","0.000","46.81","0.000",,,,,,,,,,,,,,,,,,,,,,,"0.3651","0.000",,
"2024-04-25 12:45:51","1910","20220930-test","Test #1910 12:45, Apr 25","3.0000","-0.0001801","0.000","0.0002283","0.000",,,"0.1146","0.000","1.243","0.000","2.715","0.000","21.56","0.000","1.470","0.000",,,"0.1760","0.000","0.6841","0.000","92.95","0.000",,,"-0.2268","0.000","-0.009092","0.000","39.34","0.000",,,,,,,,,,,,,,,,,,,,,,,"0.3516","0.000",,
"2024-04-25 12:47:45","1911","20220930-test","Test #1911 12:47, Apr 25","3.0000","-0.0001804","0.000","0.0002244","0.000",,,"0.1055","0.000","1.193","0.000","2.780","0.000","21.19","0.000","1.796","0.000",,,"0.1728","0.000","0.6610","0.000","93.53","0.000",,,"-0.2238","0.000","-0.009000","0.000","42.65","0.000",,,,,,,,,,,,,,,,,,,,,,,"0.3325","0.000",,
"2024-04-25 12:49:45","1912","20220930-test","Test #1912 12:49, Apr 25","3.0000","-0.0001795","0.000","0.0002281","0.000",,,"0.09939","0.000","1.238","0.000","2.750","0.000","21.46","0.000","1.646","0.000",,,"0.1764","0.000","0.6790","0.000","93.86","0.000",,,"-0.2316","0.000","-0.009010","0.000","41.24","0.000",,,,,,,,,,,,,,,,,,,,,,,"0.3288","0.000",,
"2024-04-25 12:51:48","1913","20220930-test","Test #1913 12:51, Apr 25","3.0000","-0.0001788","0.000","0.0002245","0.000",,,"0.1259","0.000","1.253","0.000","2.863","0.000","20.78","0.000","1.806","0.000",,,"0.1683","0.000","0.6463","0.000","95.77","0.000",,,"-0.2057","0.000","-0.009048","0.000","42.87","0.000",,,,,,,,,,,,,,,,,,,,,,,"0.3098","0.000",,
"2024-04-25 12:53:50","1914","20220930-test","Test #1914 12:53, Apr 25","3.0000","-0.0001635","0.000","0.0002220","0.000",,,"0.2105","0.000","1.238","0.000","2.866","0.000","20.28","0.000","2.033","0.000",,,"0.1623","0.000","0.6168","0.000","94.47","0.000",,,"-0.2143","0.000","-0.008896","0.000","47.00","0.000",,,,,,,,,,,,,,,,,,,,,,,"0.3065","0.000",,
"2024-04-25 13:15:32","1915","20220930-test","Test #1915 13:15, Apr 25","3.0000","-0.0002066","0.000","0.0002909","0.000",,,"0.07541","0.000","-0.1663","0.000","9.187","0.000","4.339","0.000","0.9677","0.000",,,"0.04118","0.000","0.2021","0.000","37.61","0.000",,,"0.005650","0.000","0.008563","0.000","26.57","0.000",,,,,,,,,,,,,,,,,,,,,,,"0.1097","0.000",,
"2024-04-25 13:34:21","1916","20220930-test","Test #1916 13:34, Apr 25","3.0000","-0.0002006","0.000","0.0002835","0.000",,,"0.06672","0.000","-0.1611","0.000","8.198","0.000","5.191","0.000","0.7240","0.000",,,"0.04424","0.000","0.2071","0.000","41.06","0.000",,,"-0.02202","0.000","0.008835","0.000","23.48","0.000",,,,,,,,,,,,,,,,,,,,,,,"0.1272","0.000",,
"2024-04-25 13:36:57","1917","20220930-test","Test #1917 13:36, Apr 25","3.0000","-0.0001984","0.000","0.0002765","0.000",,,"0.05913","0.000","-0.1613","0.000","8.207","0.000","5.600","0.000","0.7595","0.000",,,"0.04330","0.000","0.2063","0.000","41.57","0.000",,,"-0.01289","0.000","0.009929","0.000","23.60","0.000",,,,,,,,,,,,,,,,,,,,,,,"0.1309","0.000",,
"2024-04-25 13:38:54","1918","20220930-test","Test #1918 13:38, Apr 25","3.0000","-0.0002020","0.000","0.0002651","0.000",,,"0.1009","0.000","-0.1704","0.000","12.00","0.000","2.582","0.000","1.708","0.000",,,"0.03267","0.000","0.1662","0.000","28.44","0.000",,,"0.05283","0.000","0.008481","0.000","31.58","0.000",,,,,,,,,,,,,,,,,,,,,,,"0.07611","0.000",,
"2024-04-25 13:40:52","1919","20220930-test","Test #1919 13:40, Apr 25","3.0000","-0.0002020","0.000","0.0002645","0.000",,,"0.08680","0.000","-0.1708","0.000","12.15","0.000","2.489","0.000","1.772","0.000",,,"0.02976","0.000","0.1655","0.000","28.85","0.000",,,"0.05674","0.000","0.008433","0.000","32.06","0.000",,,,,,,,,,,,,,,,,,,,,,,"0.07335","0.000",,
"2024-04-25 13:42:38","1920","20220930-test","Test #1920 13:42, Apr 25","3.0000","-0.0001987","0.000","0.0002809","0.000",,,"0.07397","0.000","-0.1665","0.000","8.724","0.000","5.035","0.000","0.9286","0.000",,,"0.03996","0.000","0.1939","0.000","38.40","0.000",,,"-0.01048","0.000","0.008812","0.000","25.71","0.000",,,,,,,,,,,,,,,,,,,,,,,"0.1143","0.000",,
"2024-04-25 13:44:37","1921","20220930-test","Test #1921 13:44, Apr 25","3.0000","-0.0002071","0.000","0.0002890","0.000",,,"0.06651","0.000","-0.1591","0.000","7.850","0.000","5.754","0.000","0.7047","0.000",,,"0.04509","0.000","0.2136","0.000","41.69","0.000",,,"-0.03007","0.000","0.009046","0.000","23.18","0.000",,,,,,,,,,,,,,,,,,,,,,,"0.1229","0.000",,
"2024-04-25 13:46:37","1922","20220930-test","Test #1922 13:46, Apr 25","3.0000","-0.0002043","0.000","0.0002801","0.000",,,"0.06829","0.000","-0.1642","0.000","8.574","0.000","4.703","0.000","0.8433","0.000",,,"0.04344","0.000","0.2033","0.000","39.17","0.000",,,"-0.005748","0.000","0.009538","0.000","25.02","0.000",,,,,,,,,,,,,,,,,,,,,,,"0.1143","0.000",,
"2024-04-25 13:48:30","1923","20220930-test","Test #1923 13:48, Apr 25","3.0000","-0.0002036","0.000","0.0002768","0.000",,,"0.07368","0.000","-0.1654","0.000","8.567","0.000","4.541","0.000","0.8294","0.000",,,"0.04184","0.000","0.2019","0.000","38.91","0.000",,,"-0.001985","0.000","0.01029","0.000","25.56","0.000",,,,,,,,,,,,,,,,,,,,,,,"0.1081","0.000",,
"2024-04-25 14:11:57","1924","20220930-test","Test #1924 14:11, Apr 25","3.0000","-0.0002014","0.000","0.0002773","0.000",,,"0.07646","0.000","-0.1572","0.000","7.924","0.000","5.901","0.000","0.8642","0.000",,,"0.04244","0.000","0.2087","0.000","41.77","0.000",,,"-0.001281","0.000","0.008119","0.000","26.69","0.000",,,,,,,,,,,,,,,,,,,,,,,"0.1431","0.000",,
"2024-04-25 14:14:11","1925","20220930-test","Test #1925 14:14, Apr 25","3.0000","-0.0002066","0.000","0.0002663","0.000",,,"0.06333","0.000","-0.1611","0.000","7.926","0.000","5.521","0.000","0.7992","0.000",,,"0.03923","0.000","0.2084","0.000","41.40","0.000",,,"0.004394","0.000","0.009510","0.000","25.03","0.000",,,,,,,,,,,,,,,,,,,,,,,"0.1550","0.000",,
"2024-04-25 14:15:59","1926","20220930-test","Test #1926 14:16, Apr 25","3.0000","-0.0002044","0.000","0.0002764","0.000",,,"0.08657","0.000","-0.1709","0.000","9.635","0.000","4.103","0.000","1.123","0.000",,,"0.03511","0.000","0.1874","0.000","34.63","0.000",,,"0.03130","0.000","0.01015","0.000","28.11","0.000",,,,,,,,,,,,,,,,,,,,,,,"0.1299","0.000",,
"2024-04-25 14:21:42","1927","20220930-test","Test #1927 14:21, Apr 25","3.0000","0.009146","0.000","0.0006264","0.000",,,"3.277","0.000","100.0","0.000","2.670","0.000","14.90","0.000","0.2197","0.000",,,"0.8256","0.000","1.785","0.000","4.142","0.000",,,"-3.802","0.000","3.967","0.000","-3.336","0.000",,,,,,,,,,,,,,,,,,,,,,,"0.2436","0.000",,
"2024-04-25 14:27:51","1928","20220930-test","Test #1928 14:27, Apr 25","3.0000","0.009432","0.000","0.0006005","0.000",,,"1.257","0.000","100.0","0.000","4.749","0.000","19.57","0.000","0.1948","0.000",,,"0.9195","0.000","2.640","0.000","3.661","0.000",,,"-5.958","0.000","3.623","0.000","-3.907","0.000",,,,,,,,,,,,,,,,,,,,,,,"0.09861","0.000",,
"2024-04-25 14:37:48","1929","20220930-test","Test #1929 14:37, Apr 25","3.0000","-0.0001816","0.000","0.0001707","0.000",,,"0.07511","0.000","1.123","0.000","2.478","0.000","23.88","0.000","1.761","0.000",,,"0.1228","0.000","0.6438","0.000","95.15","0.000",,,"-0.2229","0.000","-0.002504","0.000","53.09","0.000",,,,,,,,,,,,,,,,,,,,,,,"0.4274","0.000",,
"2024-04-25 15:08:09","1930","20220930-test","Test #1930 15:08, Apr 25","3.0000","-0.0001813","0.000","0.0001839","0.000",,,"0.06128","0.000","1.116","0.000","2.349","0.000","25.86","0.000","0.8365","0.000",,,"0.1470","0.000","0.7700","0.000","97.31","0.000",,,"-0.3000","0.000","-0.008064","0.000","36.51","0.000",,,,,,,,,,,,,,,,,,,,,,,"0.3563","0.000",,
"2024-04-25 15:10:03","1931","20220930-test","Test #1931 15:10, Apr 25","3.0000","-0.0001772","0.000","0.0001657","0.000",,,"0.08765","0.000","1.151","0.000","2.444","0.000","23.33","0.000","1.603","0.000",,,"0.1282","0.000","0.6402","0.000","97.58","0.000",,,"-0.2403","0.000","-0.003537","0.000","50.22","0.000",,,,,,,,,,,,,,,,,,,,,,,"0.3796","0.000",,
"2024-04-26 08:26:23","1932","20220930-test","Test #1932 08:26, Apr 26","3.0000","0.0009899","0.000","0.0001366","0.000",,,"0.2485","0.000","-0.009027","0.000","100.0","0.000","0.2757","0.000","0.01065","0.000",,,"0.03275","0.000","0.01700","0.000","0.04051","0.000",,,"0.2199","0.000","0.04168","0.000","-0.003766","0.000",,,,,,,,,,,,,,,,,,,,,,,"-0.03955","0.000",,
"2024-04-26 09:06:54","1933","20220930-test","Test #1933 09:06, Apr 26","3.0000","-0.0001771","0.000","0.0001980","0.000",,,"0.1299","0.000","0.4572","0.000","3.428","0.000","29.20","0.000","3.027","0.000",,,"0.1233","0.000","0.5861","0.000","69.13","0.000",,,"-0.2760","0.000","0.02152","0.000","72.19","0.000",,,,,,,,,,,,,,,,,,,,,,,"0.8399","0.000",,
"2024-04-26 09:08:01","1934","20220930-test","Test #1934 09:08, Apr 26","3.0000","-0.0001737","0.000","0.0001879","0.000",,,"0.09109","0.000","0.4695","0.000","2.973","0.000","27.89","0.000","2.097","0.000",,,"0.1430","0.000","0.6634","0.000","74.64","0.000",,,"-0.3083","0.000","0.007443","0.000","58.80","0.000",,,,,,,,,,,,,,,,,,,,,,,"0.8636","0.000",,
"2024-04-26 09:09:39","1935","20220930-test","Test #1935 09:09, Apr 26","3.0000","-0.0001715","0.000","0.0002007","0.000",,,"0.09433","0.000","0.4575","0.000","2.941","0.000","28.53","0.000","1.702","0.000",,,"0.1502","0.000","0.6823","0.000","75.02","0.000",,,"-0.3245","0.000","0.002893","0.000","54.07","0.000",,,,,,,,,,,,,,,,,,,,,,,"0.8646","0.000",,
"2024-04-26 09:11:10","1936","20220930-test","Test #1936 09:11, Apr 26","3.0000","-0.0001774","0.000","0.0001857","0.000",,,"0.1523","0.000","0.4483","0.000","3.107","0.000","25.19","0.000","3.137","0.000",,,"0.1293","0.000","0.6067","0.000","71.50","0.000",,,"-0.2871","0.000","0.02041","0.000","72.52","0.000",,,,,,,,,,,,,,,,,,,,,,,"0.8513","0.000",,
"2024-04-26 09:12:10","1937","20220930-test","Test #1937 09:12, Apr 26","3.0000","-0.0001613","0.000","0.0001805","0.000",,,"0.1042","0.000","0.4778","0.000","3.046","0.000","25.91","0.000","2.574","0.000",,,"0.1349","0.000","0.6481","0.000","75.69","0.000",,,"-0.2831","0.000","0.01330","0.000","66.20","0.000",,,,,,,,,,,,,,,,,,,,,,,"0.8704","0.000",,
"2024-04-26 09:14:44","1938","20220930-test","Test #1938 09:14, Apr 26","3.0000","-0.0001656","0.000","0.0001850","0.000",,,"0.1104","0.000","0.4287","0.000","2.861","0.000","26.52","0.000","1.927","0.000",,,"0.1357","0.000","0.6725","0.000","76.46","0.000",,,"-0.2969","0.000","0.003598","0.000","57.53","0.000",,,,,,,,,,,,,,,,,,,,,,,"0.8652","0.000",,
"2024-04-26 09:16:56","1939","20220930-test","Test #1939 09:16, Apr 26","3.0000","-0.0001697","0.000","0.0001942","0.000",,,"0.09319","0.000","0.4649","0.000","2.804","0.000","28.02","0.000","1.398","0.000",,,"0.1452","0.000","0.7180","0.000","77.23","0.000",,,"-0.3146","0.000","-0.001755","0.000","47.52","0.000",,,,,,,,,,,,,,,,,,,,,,,"0.8290","0.000",,
"2024-04-26 09:18:25","1940","20220930-test","Test #1940 09:18, Apr 26","3.0000","-0.0001642","0.000","0.0002068","0.000",,,"0.06626","0.000","0.4743","0.000","2.598","0.000","29.72","0.000","0.9617","0.000",,,"0.1674","0.000","0.7865","0.000","79.04","0.000",,,"-0.3685","0.000","-0.004009","0.000","41.05","0.000",,,,,,,,,,,,,,,,,,,,,,,"0.8118","0.000",,
"2024-04-26 09:20:02","1941","20220930-test","Test #1941 09:20, Apr 26","3.0000","-0.0001698","0.000","0.0001963","0.000",,,"0.09895","0.000","0.4471","0.000","2.805","0.000","27.65","0.000","1.505","0.000",,,"0.1506","0.000","0.6996","0.000","77.16","0.000",,,"-0.3427","0.000","7.757e-05","0.000","50.24","0.000",,,,,,,,,,,,,,,,,,,,,,,"0.8118","0.000",,
"2024-04-26 09:33:00","1942","20220930-test","Test #1942 09:33, Apr 26","3.0000","-3.276e-05","0.000","0.0001775","0.000",,,"1.053","0.000","-0.1318","0.000","2.472","0.000","48.70","0.000","30.08","0.000",,,"0.04943","0.000","0.2472","0.000","16.96","0.000",,,"0.1033","0.000","0.3855","0.000","100.0","0.000",,,,,,,,,,,,,,,,,,,,,,,"0.5670","0.000",,
"2024-04-26 09:55:54","1943","20220930-test","Test #1943 09:55, Apr 26","3.0000","-0.0001820","0.000","0.0001843","0.000",,,"0.1480","0.000","0.4444","0.000","2.868","0.000","24.02","0.000","2.133","0.000",,,"0.1282","0.000","0.5898","0.000","84.18","0.000",,,"-0.2643","0.000","0.002654","0.000","61.80","0.000",,,,,,,,,,,,,,,,,,,,,,,"0.7243","0.000",,
"2024-04-26 09:57:24","1944","20220930-test","Test #1944 09:57, Apr 26","3.0000","-0.0001759","0.000","0.0001857","0.000",,,"0.09759","0.000","0.4514","0.000","2.803","0.000","25.53","0.000","1.551","0.000",,,"0.1415","0.000","0.6640","0.000","85.54","0.000",,,"-0.3046","0.000","-0.0008667","0.000","51.49","0.000",,,,,,,,,,,,,,,,,,,,,,,"0.7238","0.000",,
"2024-04-26 09:59:08","1945","20220930-test","Test #1945 09:59, Apr 26","3.0000","-0.0001864","0.000","0.0001776","0.000",,,"0.1570","0.000","0.4653","0.000","3.117","0.000","26.05","0.000","1.826","0.000",,,"0.1235","0.000","0.6259","0.000","86.28","0.000",,,"-0.2644","0.000","-0.0002500","0.000","56.34","0.000",,,,,,,,,,,,,,,,,,,,,,,"0.7282","0.000",,
"2024-04-26 10:01:20","1946","20220930-test","Test #1946 10:01, Apr 26","3.0000","-0.0001741","0.000","0.0002270","0.000",,,"0.1045","0.000","0.4258","0.000","2.841","0.000","17.53","0.000","1.878","0.000",,,"0.1677","0.000","0.4413","0.000","84.10","0.000",,,"-0.2631","0.000","-0.007851","0.000","58.45","0.000",,,,,,,,,,,,,,,,,,,,,,,"0.7349","0.000",,
"2024-04-26 10:15:11","1947","20220930-test","Test #1947 10:15, Apr 26","3.0000","-0.0001767","0.000","0.0002231","0.000",,,"0.1091","0.000","0.4330","0.000","2.769","0.000","19.34","0.000","1.449","0.000",,,"0.1676","0.000","0.4361","0.000","87.37","0.000",,,"-0.2983","0.000","-0.008257","0.000","52.02","0.000",,,,,,,,,,,,,,,,,,,,,,,"0.6811","0.000",,
"2024-04-26 11:25:17","1948","20220930-test","Test #1948 11:25, Apr 26","3.0000","-0.0001911","0.000","0.0002251","0.000",,,"0.2167","0.000","0.6275","0.000","2.551","0.000","16.37","0.000","1.944","0.000",,,"0.1485","0.000","0.4244","0.000","77.78","0.000",,,"-0.2167","0.000","-0.008439","0.000","56.24","0.000",,,,,,,,,,,,,,,,,,,,,,,"0.5400","0.000",,
"2024-04-26 11:29:48","1949","20220930-test","Test #1949 11:29, Apr 26","3.0000","-0.0001799","0.000","0.0002299","0.000",,,"0.3178","0.000","0.4689","0.000","2.998","0.000","11.12","0.000","4.443","0.000",,,"0.1373","0.000","0.3620","0.000","66.84","0.000",,,"-0.1583","0.000","-0.004982","0.000","91.03","0.000",,,,,,,,,,,,,,,,,,,,,,,"0.5109","0.000",,
"2024-04-26 11:41:43","1950","20220930-test","Test #1950 11:41, Apr 26","3.0000","-0.0001846","0.000","0.0002079","0.000",,,"0.2103","0.000","0.8348","0.000","2.802","0.000","19.94","0.000","1.705","0.000",,,"0.1414","0.000","0.4535","0.000","87.66","0.000",,,"-0.2006","0.000","-0.008816","0.000","53.23","0.000",,,,,,,,,,,,,,,,,,,,,,,"0.5054","0.000",,
"2024-04-26 11:43:28","1951","20220930-test","Test #1951 11:43, Apr 26","3.0000","-0.0001914","0.000","0.0002065","0.000",,,"0.2206","0.000","0.7980","0.000","2.628","0.000","15.52","0.000","2.317","0.000",,,"0.1415","0.000","0.4481","0.000","85.40","0.000",,,"-0.1783","0.000","-0.008597","0.000","60.93","0.000",,,,,,,,,,,,,,,,,,,,,,,"0.5052","0.000",,
"2024-04-26 11:45:17","1952","20220930-test","Test #1952 11:45, Apr 26","3.0000","-0.0001901","0.000","0.0002197","0.000",,,"0.2418","0.000","0.7440","0.000","2.661","0.000","17.39","0.000","2.449","0.000",,,"0.1608","0.000","0.4104","0.000","77.64","0.000",,,"-0.2145","0.000","-0.007742","0.000","64.26","0.000",,,,,,,,,,,,,,,,,,,,,,,"0.5110","0.000",,
"2024-04-26 11:47:33","1953","20220930-test","Test #1953 11:47, Apr 26","3.0000","-0.0001773","0.000","0.0002069","0.000",,,"0.3312","0.000","0.8295","0.000","2.866","0.000","18.84","0.000","2.422","0.000",,,"0.1412","0.000","0.4152","0.000","84.93","0.000",,,"-0.1889","0.000","-0.008376","0.000","64.68","0.000",,,,,,,,,,,,,,,,,,,,,,,"0.5134","0.000",,
"2024-04-26 11:50:24","1954","20220930-test","Test #1954 11:50, Apr 26","3.0000","-0.0001894","0.000","0.0002077","0.000",,,"0.1738","0.000","0.8094","0.000","2.585","0.000","18.82","0.000","1.547","0.000",,,"0.1494","0.000","0.4638","0.000","88.20","0.000",,,"-0.2158","0.000","-0.009032","0.000","50.38","0.000",,,,,,,,,,,,,,,,,,,,,,,"0.5099","0.000",,
"2024-04-26 11:53:06","1955","20220930-test","Test #1955 11:53, Apr 26","3.0000","-0.0001891","0.000","0.0002171","0.000",,,"0.2500","0.000","0.7939","0.000","2.720","0.000","19.88","0.000","1.698","0.000",,,"0.1562","0.000","0.4519","0.000","87.95","0.000",,,"-0.2433","0.000","-0.008572","0.000","54.04","0.000",,,,,,,,,,,,,,,,,,,,,,,"0.5072","0.000",,
"2024-04-26 11:55:20","1956","20220930-test","Test #1956 11:55, Apr 26","3.0000","-0.0001752","0.000","0.0002172","0.000",,,"0.3187","0.000","0.7572","0.000","2.698","0.000","15.32","0.000","2.392","0.000",,,"0.1515","0.000","0.4111","0.000","80.70","0.000",,,"-0.1949","0.000","-0.008632","0.000","63.86","0.000",,,,,,,,,,,,,,,,,,,,,,,"0.4937","0.000",,
"2024-04-26 11:57:27","1957","20220930-test","Test #1957 11:57, Apr 26","3.0000","-0.0001727","0.000","0.0002124","0.000",,,"0.1938","0.000","0.8416","0.000","2.591","0.000","18.65","0.000","1.640","0.000",,,"0.1464","0.000","0.4310","0.000","89.00","0.000",,,"-0.2234","0.000","-0.008912","0.000","52.31","0.000",,,,,,,,,,,,,,,,,,,,,,,"0.5050","0.000",,
"2024-04-26 11:58:59","1958","20220930-test","Test #1958 11:58, Apr 26","3.0000","-0.0001930","0.000","0.0002099","0.000",,,"0.1915","0.000","0.8093","0.000","2.517","0.000","16.82","0.000","1.505","0.000",,,"0.1452","0.000","0.4586","0.000","87.31","0.000",,,"-0.2161","0.000","-0.009077","0.000","50.71","0.000",,,,,,,,,,,,,,,,,,,,,,,"0.4954","0.000",,
"2024-04-26 12:14:50","1959","20220930-test","Test #1959 12:14, Apr 26","3.0000","-0.0001833","0.000","0.0003411","0.000",,,"0.05257","0.000","1.654","0.000","3.000","0.000","37.32","0.000","0.05746","0.000",,,"0.2336","0.000","0.7368","0.000","96.71","0.000",,,"-0.4926","0.000","0.04381","0.000","-0.009864","0.000",,,,,,,,,,,,,,,,,,,,,,,"0.3633","0.000",,
"2024-04-26 12:49:00","1960","20220930-test","Test #1960 12:49, Apr 26","3.0000","0.0003213","0.000","0.0002140","0.000",,,"0.4763","0.000","0.002685","0.000","1.277","0.000","3.318","0.000","0.05115","0.000",,,"0.5072","0.000","0.8772","0.000","47.95","0.000",,,"-0.4273","0.000","0.01501","0.000","0.9575","0.000",,,,,,,,,,,,,,,,,,,,,,,"0.05268","0.000",,
"2024-04-26 12:50:10","1961","20220930-test","Test #1961 12:50, Apr 26","3.0000","-0.0001671","0.000","0.0004703","0.000",,,"0.2774","0.000","0.6711","0.000","1.725","0.000","14.98","0.000","0.09445","0.000",,,"0.4240","0.000","0.9718","0.000","60.77","0.000",,,"-0.5762","0.000","0.01957","0.000","0.4728","0.000",,,,,,,,,,,,,,,,,,,,,,,"0.1365","0.000",,
"2024-04-26 12:50:35","1962","20220930-test","Test #1962 12:50, Apr 26","3.0000","-0.0001470","0.000","0.0004762","0.000",,,"0.2188","0.000","0.8264","0.000","1.778","0.000","26.00","0.000","0.1032","0.000",,,"0.3388","0.000","0.9138","0.000","72.40","0.000",,,"-0.5141","0.000","0.009168","0.000","0.03275","0.000",,,,,,,,,,,,,,,,,,,,,,,"0.2620","0.000",,
"2024-04-26 12:50:56","1963","20220930-test","Test #1963 12:50, Apr 26","3.0000","-0.0001656","0.000","0.0004760","0.000",,,"0.1734","0.000","1.395","0.000","2.264","0.000","32.82","0.000","0.08831","0.000",,,"0.2610","0.000","0.7592","0.000","83.00","0.000",,,"-0.3899","0.000","0.009324","0.000","-0.02068","0.000",,,,,,,,,,,,,,,,,,,,,,,"0.3236","0.000",,
"2024-04-26 12:51:20","1964","20220930-test","Test #1964 12:51, Apr 26","3.0000","1.487e-05","0.000","0.0004082","0.000",,,"0.3279","0.000","0.3549","0.000","1.573","0.000","10.52","0.000","0.08259","0.000",,,"0.4944","0.000","0.9263","0.000","57.53","0.000",,,"-0.4619","0.000","0.03551","0.000","0.4827","0.000",,,,,,,,,,,,,,,,,,,,,,,"0.1565","0.000",,
"2024-04-26 12:51:49","1965","20220930-test","Test #1965 12:51, Apr 26","3.0000","-2.789e-05","0.000","0.0003597","0.000",,,"0.3437","0.000","0.3853","0.000","1.518","0.000","12.98","0.000","0.07513","0.000",,,"0.3704","0.000","0.9473","0.000","58.49","0.000",,,"-0.6349","0.000","0.02189","0.000","0.7304","0.000",,,,,,,,,,,,,,,,,,,,,,,"0.08953","0.000",,
"2024-04-26 12:52:12","1966","20220930-test","Test #1966 12:52, Apr 26","3.0000","-3.624e-06","0.000","0.0004089","0.000",,,"0.3174","0.000","0.4200","0.000","1.805","0.000","12.07","0.000","0.07410","0.000",,,"0.4742","0.000","0.9279","0.000","60.82","0.000",,,"-0.3864","0.000","0.02100","0.000","0.5454","0.000",,,,,,,,,,,,,,,,,,,,,,,"0.2001","0.000",,
"2024-04-26 12:52:36","1967","20220930-test","Test #1967 12:52, Apr 26","3.0000","-0.0001643","0.000","0.0004028","0.000",,,"0.1857","0.000","1.408","0.000","2.123","0.000","25.07","0.000","0.08761","0.000",,,"0.2366","0.000","0.7699","0.000","81.64","0.000",,,"-0.3237","0.000","-0.001050","0.000","0.01506","0.000",,,,,,,,,,,,,,,,,,,,,,,"0.3275","0.000",,
"2024-04-26 12:53:00","1968","20220930-test","Test #1968 12:53, Apr 26","3.0000","7.513e-05","0.000","0.0004320","0.000",,,"0.2492","0.000","0.3065","0.000","1.426","0.000","7.728","0.000","0.08239","0.000",,,"0.5406","0.000","0.9812","0.000","57.33","0.000",,,"-0.4580","0.000","0.02570","0.000","0.6021","0.000",,,,,,,,,,,,,,,,,,,,,,,"0.1608","0.000",,
"2024-04-26 12:53:27","1969","20220930-test","Test #1969 12:53, Apr 26","3.0000","6.925e-05","0.000","0.0004889","0.000",,,"0.3488","0.000","0.3022","0.000","1.603","0.000","8.382","0.000","0.09260","0.000",,,"0.5398","0.000","0.9352","0.000","53.07","0.000",,,"-0.5065","0.000","0.03422","0.000","0.7481","0.000",,,,,,,,,,,,,,,,,,,,,,,"0.1711","0.000",,
"2024-04-26 12:53:53","1970","20220930-test","Test #1970 12:53, Apr 26","3.0000","0.0001654","0.000","0.0003977","0.000",,,"0.2712","0.000","0.3735","0.000","1.763","0.000","10.36","0.000","0.09188","0.000",,,"0.5366","0.000","1.033","0.000","56.02","0.000",,,"-0.6732","0.000","0.05389","0.000","0.9555","0.000",,,,,,,,,,,,,,,,,,,,,,,"0.07945","0.000",,
"2024-04-26 12:54:16","1971","20220930-test","Test #1971 12:54, Apr 26","3.0000","-0.0001956","0.000","0.0004816","0.000",,,"0.1801","0.000","1.078","0.000","2.200","0.000","27.76","0.000","0.1001","0.000",,,"0.3570","0.000","0.9464","0.000","70.10","0.000",,,"-0.4633","0.000","0.009650","0.000","0.1286","0.000",,,,,,,,,,,,,,,,,,,,,,,"0.2474","0.000",,
"2024-04-26 12:54:45","1972","20220930-test","Test #1972 12:54, Apr 26","3.0000","-0.0001841","0.000","0.0004329","0.000",,,"0.1301","0.000","1.221","0.000","2.131","0.000","28.79","0.000","0.08991","0.000",,,"0.2984","0.000","0.9019","0.000","77.50","0.000",,,"-0.4447","0.000","0.009125","0.000","-0.03359","0.000",,,,,,,,,,,,,,,,,,,,,,,"0.2641","0.000",,
"2024-04-26 12:55:06","1973","20220930-test","Test #1973 12:55, Apr 26","3.0000","-6.694e-05","0.000","0.0005406","0.000",,,"0.3339","0.000","0.5232","0.000","1.899","0.000","13.33","0.000","0.1411","0.000",,,"0.5444","0.000","0.9126","0.000","60.58","0.000",,,"-0.4437","0.000","0.04524","0.000","0.4559","0.000",,,,,,,,,,,,,,,,,,,,,,,"0.1814","0.000",,
"2024-04-26 12:55:24","1974","20220930-test","Test #1974 12:55, Apr 26","3.0000","-0.0001850","0.000","0.0005292","0.000",,,"0.2237","0.000","1.159","0.000","2.232","0.000","27.86","0.000","0.1261","0.000",,,"0.3169","0.000","0.8393","0.000","74.72","0.000",,,"-0.4029","0.000","0.02871","0.000","-0.02938","0.000",,,,,,,,,,,,,,,,,,,,,,,"0.2754","0.000",,
"2024-04-26 12:55:53","1975","20220930-test","Test #1975 12:55, Apr 26","3.0000","-0.0002085","0.000","0.0004384","0.000",,,"0.1360","0.000","1.288","0.000","2.150","0.000","31.47","0.000","0.09212","0.000",,,"0.2979","0.000","0.8350","0.000","81.16","0.000",,,"-0.4285","0.000","0.02968","0.000","0.01303","0.000",,,,,,,,,,,,,,,,,,,,,,,"0.3003","0.000",,
"2024-04-26 12:56:17","1976","20220930-test","Test #1976 12:56, Apr 26","3.0000","-0.0001838","0.000","0.0003758","0.000",,,"0.1358","0.000","1.755","0.000","2.297","0.000","28.58","0.000","0.05826","0.000",,,"0.2062","0.000","0.7302","0.000","92.21","0.000",,,"-0.3547","0.000","0.01341","0.000","-0.03655","0.000",,,,,,,,,,,,,,,,,,,,,,,"0.3179","0.000",,
"2024-04-26 12:56:40","1977","20220930-test","Test #1977 12:56, Apr 26","3.0000","-0.0001463","0.000","0.0003787","0.000",,,"0.1155","0.000","1.566","0.000","2.336","0.000","32.89","0.000","0.06396","0.000",,,"0.2322","0.000","0.8424","0.000","92.55","0.000",,,"-0.4284","0.000","0.03661","0.000","-0.04736","0.000",,,,,,,,,,,,,,,,,,,,,,,"0.3163","0.000",,
"2024-04-26 12:56:59","1978","20220930-test","Test #1978 12:56, Apr 26","3.0000","7.574e-06","0.000","0.0004269","0.000",,,"0.3193","0.000","0.2833","0.000","1.629","0.000","9.782","0.000","0.08511","0.000",,,"0.5272","0.000","0.9362","0.000","54.24","0.000",,,"-0.6096","0.000","0.04867","0.000","0.8798","0.000",,,,,,,,,,,,,,,,,,,,,,,"0.1331","0.000",,
"2024-04-26 12:57:22","1979","20220930-test","Test #1979 12:57, Apr 26","3.0000","-2.875e-05","0.000","0.0004491","0.000",,,"0.2870","0.000","0.5123","0.000","1.804","0.000","10.95","0.000","0.07291","0.000",,,"0.5597","0.000","1.036","0.000","60.85","0.000",,,"-0.6144","0.000","0.05732","0.000","0.7364","0.000",,,,,,,,,,,,,,,,,,,,,,,"0.1211","0.000",,
"2024-04-26 12:58:33","1980","20220930-test","Test #1980 12:58, Apr 26","3.0000","-7.371e-05","0.000","0.0004426","0.000",,,"0.3914","0.000","0.4236","0.000","1.587","0.000","9.129","0.000","0.09200","0.000",,,"0.4969","0.000","0.9257","0.000","56.10","0.000",,,"-0.5388","0.000","0.05676","0.000","0.7955","0.000",,,,,,,,,,,,,,,,,,,,,,,"0.1423","0.000",,
"2024-04-26 12:58:44","1981","20220930-test","Test #1981 12:58, Apr 26","3.0000","-0.0001163","0.000","0.0005435","0.000",,,"0.2502","0.000","0.9085","0.000","1.815","0.000","12.66","0.000","0.1145","0.000",,,"0.5105","0.000","1.025","0.000","60.38","0.000",,,"-0.4294","0.000","0.05972","0.000","0.4514","0.000",,,,,,,,,,,,,,,,,,,,,,,"0.08926","0.000",,
"2024-04-26 12:59:38","1982","20220930-test","Test #1982 12:59, Apr 26","3.0000","0.01019","0.000","0.0005794","0.000",,,"0.1056","0.000","-0.1444","0.000","0.5207","0.000","2.323","0.000","0.04506","0.000",,,"0.5041","0.000","0.8292","0.000","41.16","0.000",,,"0.01156","0.000","-0.008916","0.000","0.8402","0.000",,,,,,,,,,,,,,,,,,,,,,,"0.03898","0.000",,
"2024-04-26 12:59:47","1983","20220930-test","Test #1983 12:59, Apr 26","3.0000","0.0002331","0.000","0.0003868","0.000",,,"0.4181","0.000","0.6096","0.000","1.509","0.000","11.24","0.000","0.06947","0.000",,,"0.6624","0.000","1.217","0.000","64.79","0.000",,,"-0.7674","0.000","0.1172","0.000","0.2535","0.000",,,,,,,,,,,,,,,,,,,,,,,"-0.0001851","0.000",,
"2024-04-26 12:59:54","1984","20220930-test","Test #1984 12:59, Apr 26","3.0000","-0.0001710","0.000","0.0004659","0.000",,,"0.2975","0.000","1.269","0.000","2.226","0.000","23.96","0.000","0.09850","0.000",,,"0.4085","0.000","1.027","0.000","74.76","0.000",,,"-0.4879","0.000","0.02521","0.000","0.05170","0.000",,,,,,,,,,,,,,,,,,,,,,,"0.2194","0.000",,
