Wavelength,Spectra
170.11,2.34E+04
170.15,4.04E+04
170.19,6.23E+04
170.23,8.63E+04
170.28,1.11E+05
170.32,1.20E+05
170.36,1.16E+05
170.4,1.01E+05
170.45,7.21E+04
170.49,4.88E+04
170.53,2.96E+04
170.57,1.61E+04
170.62,6.41E+03
170.66,2.72E+03
170.7,1.03E+03
170.74,3.54E+02
170.79,9.23E+01
170.83,6.68E+01
170.87,1.38E+02
170.91,3.48E+02
170.96,9.82E+02
171,2.00E+03
171.04,3.64E+03
171.08,5.94E+03
171.13,9.42E+03
171.17,1.20E+04
171.21,1.38E+04
171.25,1.42E+04
171.3,1.26E+04
171.34,1.01E+04
171.38,7.29E+03
171.42,4.71E+03
171.47,2.34E+03
171.51,1.18E+03
171.55,5.37E+02
171.59,2.18E+02
171.64,6.08E+01
171.68,1.94E+01
171.72,5.91E+00
171.76,3.09E+00
171.81,8.84E+00
171.85,2.83E+01
171.89,8.30E+01
171.93,2.19E+02
171.98,6.33E+02
172.02,1.31E+03
172.06,2.44E+03
172.1,4.07E+03
172.15,6.63E+03
172.19,8.68E+03
172.23,1.02E+04
172.27,1.08E+04
172.32,9.90E+03
172.36,8.20E+03
172.4,6.10E+03
172.44,4.07E+03
172.49,2.11E+03
172.53,1.10E+03
172.57,5.19E+02
172.61,2.19E+02
172.66,6.40E+01
172.7,2.12E+01
172.74,6.30E+00
172.78,1.68E+00
172.83,2.77E-01
172.87,5.81E-02
172.91,1.09E-02
172.95,1.84E-03
173,1.71E-04
173.04,2.27E-05
173.08,2.70E-06
173.12,2.88E-07
173.17,1.51E-08
173.21,1.26E-09
173.25,9.50E-11
173.29,6.41E-12
174.36,1.78E-09
174.4,2.73E-08
174.44,3.77E-07
174.48,4.70E-06
174.53,9.49E-05
174.57,9.35E-04
174.61,8.30E-03
174.65,6.64E-02
174.7,7.72E-01
174.74,4.89E+00
174.78,2.79E+01
174.82,1.43E+02
174.87,9.60E+02
174.91,3.91E+03
174.95,1.43E+04
174.99,4.74E+04
175.04,1.82E+05
175.08,4.77E+05
175.12,1.13E+06
175.17,2.84E+06
175.21,5.30E+06
175.25,8.92E+06
175.29,1.35E+07
175.34,1.96E+07
175.38,2.36E+07
175.42,2.55E+07
175.46,2.49E+07
175.51,2.09E+07
175.55,1.63E+07
175.59,1.19E+07
175.63,8.62E+06
175.68,7.11E+06
175.72,8.13E+06
175.76,1.08E+07
175.8,1.44E+07
175.85,1.86E+07
175.89,2.05E+07
175.93,2.05E+07
175.97,1.85E+07
176.02,1.41E+07
176.06,1.01E+07
176.1,6.61E+06
176.14,4.11E+06
176.19,2.57E+06
176.23,2.56E+06
176.27,3.48E+06
176.31,5.14E+06
176.36,7.77E+06
176.4,9.76E+06
176.44,1.11E+07
176.48,1.14E+07
176.53,1.02E+07
176.57,8.29E+06
176.61,6.09E+06
176.65,4.05E+06
176.7,2.11E+06
176.74,1.16E+06
176.78,6.76E+05
176.82,6.28E+05
176.87,1.27E+06
176.91,2.61E+06
176.95,5.04E+06
176.99,8.89E+06
177.04,1.58E+07
177.08,2.25E+07
177.12,2.94E+07
177.16,3.54E+07
177.21,4.06E+07
177.25,4.26E+07
177.29,4.28E+07
177.33,4.13E+07
177.38,3.74E+07
177.42,3.27E+07
177.46,2.69E+07
177.5,2.11E+07
177.55,1.57E+07
177.59,1.54E+07
177.63,2.17E+07
177.67,3.80E+07
177.72,7.83E+07
177.76,1.29E+08
177.8,1.92E+08
177.84,2.60E+08
177.89,3.30E+08
177.93,3.56E+08
177.97,3.48E+08
178.01,3.07E+08
178.06,2.30E+08
178.1,1.65E+08
178.14,1.11E+08
178.18,7.27E+07
178.23,4.69E+07
178.27,3.82E+07
178.31,3.43E+07
178.35,3.13E+07
178.4,2.61E+07
178.44,2.06E+07
178.48,1.49E+07
178.52,1.01E+07
178.57,6.68E+06
178.61,7.64E+06
178.65,1.44E+07
178.69,3.13E+07
178.74,7.74E+07
178.78,1.44E+08
178.82,2.44E+08
178.86,3.73E+08
178.91,5.51E+08
178.95,6.75E+08
178.99,7.52E+08
179.03,7.66E+08
179.08,7.05E+08
179.12,6.28E+08
179.16,5.62E+08
179.2,5.34E+08
179.25,5.52E+08
179.29,5.87E+08
179.33,6.08E+08
179.37,5.91E+08
179.42,5.10E+08
179.46,4.13E+08
179.5,3.15E+08
179.54,2.40E+08
179.59,2.01E+08
179.63,2.17E+08
179.67,2.67E+08
179.71,3.34E+08
179.76,4.10E+08
179.8,4.45E+08
179.84,4.48E+08
179.88,4.21E+08
179.93,3.58E+08
179.97,2.97E+08
180.01,2.36E+08
180.05,1.79E+08
180.1,1.19E+08
180.14,8.26E+07
180.18,5.87E+07
180.22,4.96E+07
180.27,6.25E+07
180.31,9.39E+07
180.35,1.43E+08
180.39,2.04E+08
180.44,2.80E+08
180.48,3.25E+08
180.52,3.41E+08
180.56,3.25E+08
180.61,2.66E+08
180.65,2.03E+08
180.69,1.40E+08
180.73,8.81E+07
180.78,4.28E+07
180.82,2.15E+07
180.86,9.81E+06
180.9,4.06E+06
180.95,1.17E+06
180.99,3.88E+05
181.03,1.16E+05
181.07,3.17E+04
181.12,5.43E+03
181.16,1.19E+03
181.2,2.34E+02
181.24,4.20E+01
181.29,4.27E+00
181.33,6.15E-01
181.37,8.01E-02
181.41,9.46E-03
181.46,5.71E-04
181.5,5.41E-05
181.54,4.64E-06
181.58,3.62E-07
182.1,5.89E-09
182.14,7.38E-08
182.18,8.39E-07
182.22,8.68E-06
182.27,1.41E-04
182.31,1.18E-03
182.35,8.92E-03
182.39,6.15E-02
182.44,6.02E-01
182.48,3.35E+00
182.52,1.69E+01
182.56,7.79E+01
182.61,4.59E+02
182.65,1.70E+03
182.69,5.74E+03
182.73,1.76E+04
182.78,6.25E+04
182.82,1.55E+05
182.86,3.48E+05
182.9,7.11E+05
182.95,1.52E+06
182.99,2.51E+06
183.03,3.76E+06
183.07,5.13E+06
183.12,6.61E+06
183.16,7.27E+06
183.2,7.27E+06
183.24,6.61E+06
183.29,5.13E+06
183.33,3.76E+06
183.37,2.51E+06
183.41,1.52E+06
183.46,7.11E+05
183.5,3.48E+05
183.54,1.55E+05
183.58,6.25E+04
183.63,1.76E+04
183.67,5.74E+03
183.71,1.70E+03
183.75,4.59E+02
183.8,7.79E+01
183.84,1.69E+01
183.88,3.35E+00
183.92,6.02E-01
183.97,6.15E-02
184.01,8.92E-03
184.05,1.18E-03
184.09,1.41E-04
184.14,8.68E-06
184.18,8.39E-07
184.22,7.60E-08
184.26,3.51E-08
184.31,6.31E-07
184.35,6.63E-06
184.39,6.35E-05
184.43,5.54E-04
184.48,7.28E-03
184.52,5.15E-02
184.56,3.32E-01
184.6,1.95E+00
184.65,1.56E+01
184.69,7.44E+01
184.73,3.23E+02
184.77,1.28E+03
184.82,6.23E+03
184.86,2.00E+04
184.9,5.83E+04
184.94,1.55E+05
184.99,4.62E+05
185.03,9.96E+05
185.07,1.96E+06
185.11,3.50E+06
185.16,6.37E+06
185.2,9.24E+06
185.24,1.22E+07
185.28,1.47E+07
185.33,1.63E+07
185.37,1.59E+07
185.41,1.42E+07
185.45,1.15E+07
185.5,7.76E+06
185.54,5.10E+06
185.58,3.06E+06
185.62,1.67E+06
185.67,6.87E+05
185.71,3.05E+05
185.75,1.25E+05
185.79,5.26E+04
185.84,4.14E+04
185.88,9.19E+04
185.92,2.51E+05
185.96,6.70E+05
186.01,2.09E+06
186.05,4.79E+06
186.09,1.01E+07
186.13,1.95E+07
186.18,3.92E+07
186.22,6.20E+07
186.26,8.95E+07
186.3,1.18E+08
186.35,1.46E+08
186.39,1.57E+08
186.43,1.53E+08
186.47,1.37E+08
186.52,1.04E+08
186.56,7.54E+07
186.6,4.99E+07
186.64,3.01E+07
186.69,1.41E+07
186.73,6.94E+06
186.77,3.12E+06
186.81,1.28E+06
186.86,3.72E+05
186.9,1.25E+05
186.94,3.88E+04
186.98,1.10E+04
187.03,2.08E+03
187.07,6.47E+02
187.11,7.54E+02
187.15,2.38E+03
187.2,1.05E+04
187.24,3.11E+04
187.28,8.46E+04
187.32,2.10E+05
187.37,5.75E+05
187.41,1.16E+06
187.45,2.15E+06
187.49,3.62E+06
187.54,6.11E+06
187.58,8.40E+06
187.62,1.05E+07
187.66,1.21E+07
187.71,1.26E+07
187.75,1.18E+07
187.79,1.01E+07
187.83,7.83E+06
187.88,5.04E+06
187.92,3.20E+06
187.96,1.86E+06
188,9.83E+05
188.05,3.91E+05
188.09,1.69E+05
188.13,6.65E+04
188.17,2.39E+04
188.22,5.87E+03
188.26,1.72E+03
188.3,4.61E+02
188.34,1.13E+02
188.39,1.71E+01
188.43,3.46E+00
188.47,8.78E-01
188.51,1.33E+00
188.56,7.66E+00
188.6,2.99E+01
188.64,1.07E+02
188.69,4.64E+02
188.73,1.36E+03
188.77,3.62E+03
188.81,8.86E+03
188.86,2.39E+04
188.9,4.78E+04
188.94,8.73E+04
188.98,1.46E+05
189.03,2.45E+05
189.07,3.35E+05
189.11,4.19E+05
189.15,4.79E+05
189.2,4.99E+05
189.24,4.67E+05
189.28,3.99E+05
189.32,3.12E+05
189.37,2.02E+05
189.41,1.29E+05
189.45,7.57E+04
189.49,4.05E+04
189.54,1.63E+04
189.58,7.14E+03
189.62,2.86E+03
189.66,1.05E+03
189.71,2.62E+02
189.75,7.84E+01
189.79,2.15E+01
189.83,5.37E+00
189.88,8.37E-01
189.92,1.71E-01
189.96,3.20E-02
190,5.48E-03
190.05,5.32E-04
190.09,7.44E-05
190.13,9.52E-06
190.17,1.11E-06
190.22,6.72E-08
190.26,6.45E-09
190.3,7.31E-10
190.34,1.90E-09
190.39,3.30E-08
190.43,2.99E-07
190.47,2.49E-06
190.51,1.90E-05
190.56,2.12E-04
190.6,1.33E-03
190.64,7.62E-03
190.68,4.00E-02
190.73,2.82E-01
190.77,1.22E+00
190.81,4.82E+00
190.85,1.75E+01
190.9,7.73E+01
190.94,2.30E+02
190.98,6.29E+02
191.02,1.57E+03
191.07,4.38E+03
191.11,9.00E+03
191.15,1.69E+04
191.19,2.93E+04
191.24,5.12E+04
191.28,7.26E+04
191.32,9.43E+04
191.36,1.12E+05
191.41,1.24E+05
191.45,1.21E+05
191.49,1.09E+05
191.53,8.94E+04
191.58,6.35E+04
191.62,4.85E+04
191.66,4.86E+04
191.7,8.35E+04
191.75,2.49E+05
191.79,6.06E+05
191.83,1.37E+06
191.87,2.87E+06
191.92,6.37E+06
191.96,1.10E+07
192,1.73E+07
192.04,2.49E+07
192.09,3.50E+07
192.13,4.16E+07
192.17,4.54E+07
192.21,4.54E+07
192.26,4.02E+07
192.3,3.30E+07
192.34,2.49E+07
192.38,1.73E+07
192.43,9.64E+06
192.47,5.49E+06
192.51,2.87E+06
192.55,1.37E+06
192.6,4.84E+05
192.64,1.91E+05
192.68,6.91E+04
192.72,2.34E+04
192.77,7.17E+03
192.81,6.98E+03
192.85,1.41E+04
192.89,3.12E+04
192.94,7.68E+04
192.98,1.44E+05
193.02,2.48E+05
193.06,3.95E+05
193.11,6.37E+05
193.15,8.72E+05
193.19,1.15E+06
193.23,1.52E+06
193.28,2.33E+06
193.32,3.61E+06
193.36,5.97E+06
193.4,1.01E+07
193.45,1.85E+07
193.49,2.84E+07
193.53,4.08E+07
193.57,5.44E+07
193.62,7.08E+07
193.66,8.12E+07
193.7,8.88E+07
193.74,9.47E+07
193.79,1.05E+08
193.83,1.19E+08
193.87,1.43E+08
193.91,1.76E+08
193.96,2.23E+08
194,2.58E+08
194.04,2.80E+08
194.08,2.84E+08
194.13,2.62E+08
194.17,2.25E+08
194.21,1.80E+08
194.25,1.33E+08
194.3,8.24E+07
194.34,5.27E+07
194.38,3.35E+07
194.42,2.33E+07
194.47,2.04E+07
194.51,2.30E+07
194.55,2.76E+07
194.59,3.22E+07
194.64,3.56E+07
194.68,3.53E+07
194.72,3.22E+07
194.76,2.71E+07
194.81,1.94E+07
194.85,1.35E+07
194.89,8.64E+06
194.93,5.08E+06
194.98,2.33E+06
195.02,1.13E+06
195.06,5.08E+05
195.1,2.09E+05
195.15,6.12E+04
195.19,2.09E+04
195.23,6.53E+03
195.27,1.88E+03
195.32,3.52E+02
195.36,8.40E+01
195.4,1.96E+01
195.45,1.02E+01
195.49,3.14E+01
195.53,1.14E+02
195.57,3.89E+02
195.62,1.61E+03
195.66,4.60E+03
195.7,1.22E+04
195.74,2.97E+04
195.79,8.12E+04
195.83,1.67E+05
195.87,3.16E+05
195.91,5.55E+05
195.96,1.01E+06
196,1.49E+06
196.04,2.04E+06
196.08,2.59E+06
196.13,3.18E+06
196.17,3.51E+06
196.21,3.77E+06
196.25,4.13E+06
196.3,5.22E+06
196.34,7.12E+06
196.38,1.04E+07
196.42,1.52E+07
196.47,2.30E+07
196.51,2.97E+07
196.55,3.56E+07
196.59,3.95E+07
196.64,4.00E+07
196.68,3.68E+07
196.72,3.12E+07
196.76,2.44E+07
196.81,1.60E+07
196.85,1.04E+07
196.89,6.21E+06
196.93,3.43E+06
196.98,1.46E+06
197.02,6.75E+05
197.06,2.95E+05
197.1,1.33E+05
197.15,8.34E+04
197.19,1.10E+05
197.23,1.80E+05
197.27,2.90E+05
197.32,4.76E+05
197.36,6.47E+05
197.4,8.11E+05
197.44,9.36E+05
197.49,9.98E+05
197.53,9.58E+05
197.57,8.47E+05
197.61,6.90E+05
197.66,4.76E+05
197.7,3.22E+05
197.74,2.01E+05
197.78,1.16E+05
197.83,5.19E+04
197.87,2.56E+04
197.91,1.32E+04
197.95,9.50E+03
198,1.32E+04
198.04,2.20E+04
198.08,3.60E+04
198.12,5.50E+04
198.17,8.36E+04
198.21,1.07E+05
198.25,1.26E+05
198.29,1.36E+05
198.34,1.35E+05
198.38,1.22E+05
198.42,1.02E+05
198.46,8.08E+04
198.51,6.06E+04
198.55,5.86E+04
198.59,8.02E+04
198.63,1.40E+05
198.68,3.00E+05
198.72,5.24E+05
198.76,8.52E+05
198.8,1.28E+06
198.85,1.90E+06
198.89,2.39E+06
198.93,2.78E+06
198.97,2.98E+06
199.02,2.91E+06
199.06,2.62E+06
199.1,2.18E+06
199.14,1.68E+06
199.19,1.09E+06
199.23,7.09E+05
199.27,4.29E+05
199.31,2.41E+05
199.36,1.06E+05
199.4,5.09E+04
199.44,2.30E+04
199.48,1.03E+04
199.53,5.41E+03
199.57,6.74E+03
199.61,1.23E+04
199.65,2.37E+04
199.7,5.03E+04
199.74,8.71E+04
199.78,1.45E+05
199.82,2.34E+05
199.87,4.11E+05
199.91,6.28E+05
199.95,9.30E+05
199.99,1.32E+06
200.04,1.92E+06
200.08,2.42E+06
200.12,2.89E+06
200.16,3.30E+06
200.21,3.90E+06
200.25,4.86E+06
200.29,7.00E+06
200.33,1.15E+07
200.38,2.28E+07
200.42,3.84E+07
200.46,6.10E+07
200.5,9.03E+07
200.55,1.32E+08
200.59,1.65E+08
200.63,1.89E+08
200.67,2.01E+08
200.72,1.94E+08
200.76,1.72E+08
200.8,1.41E+08
200.84,1.07E+08
200.89,6.77E+07
200.93,4.30E+07
200.97,2.52E+07
201.01,1.37E+07
201.06,5.76E+06
201.1,2.69E+06
201.14,1.23E+06
201.18,6.17E+05
201.23,3.75E+05
201.27,3.37E+05
201.31,3.35E+05
201.35,3.33E+05
201.4,3.18E+05
201.44,3.03E+05
201.48,2.91E+05
201.52,2.88E+05
201.57,2.96E+05
201.61,3.02E+05
201.65,3.00E+05
201.69,2.84E+05
201.74,2.43E+05
201.78,1.98E+05
201.82,1.50E+05
201.86,1.05E+05
201.91,6.03E+04
201.95,3.54E+04
201.99,1.93E+04
202.03,9.75E+03
202.08,4.03E+03
202.12,2.67E+03
202.16,3.77E+03
202.21,1.05E+04
202.25,2.44E+04
202.29,5.30E+04
202.33,1.07E+05
202.38,2.30E+05
202.42,3.89E+05
202.46,6.09E+05
202.5,8.83E+05
202.55,1.26E+06
202.59,1.53E+06
202.63,1.73E+06
202.67,1.82E+06
202.72,1.76E+06
202.76,1.60E+06
202.8,1.38E+06
202.84,1.16E+06
202.89,9.33E+05
202.93,7.96E+05
202.97,6.91E+05
203.01,6.05E+05
203.06,5.05E+05
203.1,4.33E+05
203.14,3.86E+05
203.18,3.91E+05
203.23,5.24E+05
203.27,7.76E+05
203.31,1.19E+06
203.35,1.76E+06
203.4,2.65E+06
203.44,3.41E+06
203.48,4.11E+06
203.52,4.61E+06
203.57,4.87E+06
203.61,4.73E+06
203.65,4.32E+06
203.69,3.72E+06
203.74,2.85E+06
203.78,2.16E+06
203.82,1.55E+06
203.86,1.05E+06
203.91,5.92E+05
203.95,3.51E+05
203.99,1.97E+05
204.03,1.07E+05
204.08,5.43E+04
204.12,4.16E+04
204.16,4.43E+04
204.2,5.60E+04
204.25,7.61E+04
204.29,9.14E+04
204.33,1.02E+05
204.37,1.06E+05
204.42,1.00E+05
204.46,8.76E+04
204.5,7.09E+04
204.54,5.32E+04
204.59,3.34E+04
204.63,2.11E+04
204.67,1.23E+04
204.71,6.68E+03
204.76,2.79E+03
204.8,1.27E+03
204.84,5.37E+02
204.88,2.13E+02
204.93,7.56E+01
204.97,7.84E+01
205.01,1.94E+02
205.05,5.54E+02
205.1,1.91E+03
205.14,4.74E+03
205.18,1.09E+04
205.22,2.33E+04
205.27,5.39E+04
205.31,9.70E+04
205.35,1.62E+05
205.39,2.51E+05
205.44,3.93E+05
205.48,5.20E+05
205.52,6.51E+05
205.56,7.86E+05
205.61,1.01E+06
205.65,1.34E+06
205.69,1.98E+06
205.73,3.21E+06
205.78,6.07E+06
205.82,9.85E+06
205.86,1.52E+07
205.9,2.19E+07
205.95,3.13E+07
205.99,3.84E+07
206.03,4.38E+07
206.07,4.64E+07
206.12,4.48E+07
206.16,4.00E+07
206.2,3.32E+07
206.24,2.56E+07
206.29,1.66E+07
206.33,1.08E+07
206.37,6.49E+06
206.41,3.63E+06
206.46,1.58E+06
206.5,7.52E+05
206.54,3.41E+05
206.58,1.66E+05
206.63,1.30E+05
206.67,2.01E+05
206.71,3.65E+05
206.75,6.45E+05
206.8,1.19E+06
206.84,1.80E+06
206.88,2.52E+06
206.92,3.27E+06
206.97,4.09E+06
207.01,4.50E+06
207.05,4.59E+06
207.09,4.37E+06
207.14,3.73E+06
207.18,3.08E+06
207.22,2.42E+06
207.26,1.88E+06
207.31,1.48E+06
207.35,1.45E+06
207.39,1.77E+06
207.43,2.59E+06
207.48,4.64E+06
207.52,7.43E+06
207.56,1.14E+07
207.6,1.66E+07
207.65,2.41E+07
207.69,3.01E+07
207.73,3.49E+07
207.77,3.76E+07
207.82,3.74E+07
207.86,3.44E+07
207.9,2.96E+07
207.94,2.39E+07
207.99,1.70E+07
208.03,1.24E+07
208.07,8.90E+06
208.11,6.48E+06
208.16,4.85E+06
208.2,4.76E+06
208.24,6.23E+06
208.28,1.03E+07
208.33,2.17E+07
208.37,3.87E+07
208.41,6.53E+07
208.45,1.03E+08
208.5,1.65E+08
208.54,2.21E+08
208.58,2.75E+08
208.62,3.19E+08
208.67,3.46E+08
208.71,3.39E+08
208.75,3.10E+08
208.8,2.49E+08
208.84,1.93E+08
208.88,1.39E+08
208.92,9.27E+07
208.97,5.07E+07
209.01,2.89E+07
209.05,1.53E+07
209.09,7.60E+06
209.14,2.90E+06
209.18,1.26E+06
209.22,5.25E+05
209.26,2.20E+05
209.31,9.89E+04
209.35,9.44E+04
209.39,1.38E+05
209.43,2.21E+05
209.48,3.81E+05
209.52,5.48E+05
209.56,7.33E+05
209.6,9.13E+05
209.65,1.09E+06
209.69,1.17E+06
209.73,1.19E+06
209.77,1.19E+06
209.82,1.26E+06
209.86,1.53E+06
209.9,2.14E+06
209.94,3.25E+06
209.99,5.54E+06
210.03,8.12E+06
210.07,1.12E+07
210.11,1.44E+07
210.16,1.80E+07
210.2,1.98E+07
210.24,2.03E+07
210.28,1.93E+07
210.33,1.65E+07
210.37,1.34E+07
210.41,1.02E+07
210.45,7.21E+06
210.5,4.25E+06
210.54,2.59E+06
210.58,1.48E+06
210.62,8.11E+05
210.67,3.77E+05
210.71,2.21E+05
210.75,1.53E+05
210.79,1.27E+05
210.84,1.19E+05
210.88,1.19E+05
210.92,1.29E+05
210.96,1.61E+05
211.01,2.69E+05
211.05,4.54E+05
211.09,7.76E+05
211.13,1.28E+06
211.18,2.19E+06
211.22,3.13E+06
211.26,4.17E+06
211.3,5.17E+06
211.35,6.11E+06
211.39,6.45E+06
211.43,6.34E+06
211.47,5.80E+06
211.52,4.70E+06
211.56,3.66E+06
211.6,2.66E+06
211.64,1.81E+06
211.69,1.04E+06
211.73,6.55E+05
211.77,4.40E+05
211.81,3.49E+05
211.86,3.42E+05
211.9,3.77E+05
211.94,4.17E+05
211.98,4.41E+05
212.03,4.35E+05
212.07,4.00E+05
212.11,3.46E+05
212.15,2.86E+05
212.2,2.21E+05
212.24,1.90E+05
212.28,1.84E+05
212.32,2.02E+05
212.37,2.51E+05
212.41,2.99E+05
212.45,3.42E+05
212.49,3.69E+05
212.54,3.70E+05
212.58,3.43E+05
212.62,2.97E+05
212.66,2.39E+05
212.71,1.65E+05
212.75,1.13E+05
212.79,7.26E+04
212.83,4.33E+04
212.88,2.05E+04
212.92,1.04E+04
212.96,4.94E+03
213,2.18E+03
213.05,7.11E+02
213.09,2.72E+02
213.13,1.11E+02
213.17,8.19E+01
213.22,1.92E+02
213.26,4.79E+02
213.3,1.15E+03
213.34,2.58E+03
213.39,6.43E+03
213.43,1.24E+04
213.47,2.21E+04
213.51,3.70E+04
213.56,6.38E+04
213.6,9.12E+04
213.64,1.22E+05
213.68,1.52E+05
213.73,1.81E+05
213.77,1.94E+05
213.81,1.93E+05
213.85,1.80E+05
213.9,1.50E+05
213.94,1.21E+05
213.98,9.33E+04
214.02,7.09E+04
214.07,5.53E+04
214.11,5.47E+04
214.15,6.51E+04
214.19,8.55E+04
214.24,1.21E+05
214.28,1.52E+05
214.32,1.80E+05
214.36,2.00E+05
214.41,2.06E+05
214.45,1.96E+05
214.49,1.73E+05
214.53,1.43E+05
214.58,1.02E+05
214.62,7.22E+04
214.66,4.75E+04
214.7,2.93E+04
214.75,1.46E+04
214.79,7.99E+03
214.83,4.55E+03
214.87,3.25E+03
214.92,3.59E+03
214.96,4.94E+03
215,6.98E+03
215.04,9.45E+03
215.09,1.26E+04
215.13,1.47E+04
215.17,1.61E+04
215.21,1.63E+04
215.26,1.52E+04
215.3,1.32E+04
215.34,1.07E+04
215.38,8.13E+03
215.43,5.22E+03
215.47,3.39E+03
215.51,2.06E+03
215.56,1.03E+03
215.6,6.27E+02
215.64,5.52E+02
215.68,8.86E+02
215.73,2.32E+03
215.77,5.02E+03
215.81,1.03E+04
215.85,1.97E+04
215.9,4.03E+04
215.94,6.62E+04
215.98,1.02E+05
216.02,1.45E+05
216.07,2.07E+05
216.11,2.54E+05
216.15,2.91E+05
216.19,3.12E+05
216.24,3.09E+05
216.28,2.83E+05
216.32,2.43E+05
216.36,1.95E+05
216.41,1.34E+05
216.45,9.18E+04
216.49,5.88E+04
216.53,3.52E+04
216.58,1.68E+04
216.62,8.63E+03
216.66,4.14E+03
216.7,1.85E+03
216.75,6.16E+02
216.79,2.39E+02
216.83,9.39E+01
216.87,6.01E+01
216.92,1.39E+02
216.96,3.86E+02
217,1.04E+03
217.04,2.64E+03
217.09,7.66E+03
217.13,1.67E+04
217.17,3.39E+04
217.21,6.45E+04
217.26,1.31E+05
217.3,2.14E+05
217.34,3.26E+05
217.38,4.65E+05
217.43,6.58E+05
217.47,8.06E+05
217.51,9.23E+05
217.55,9.88E+05
217.6,9.77E+05
217.64,8.98E+05
217.68,7.71E+05
217.72,6.19E+05
217.77,4.28E+05
217.81,2.95E+05
217.85,1.90E+05
217.89,1.15E+05
217.94,5.52E+04
217.98,2.86E+04
218.02,1.38E+04
218.06,6.24E+03
218.11,2.10E+03
218.15,8.16E+02
218.19,2.96E+02
218.23,1.01E+02
218.28,2.43E+01
218.32,9.26E+00
218.36,1.04E+01
218.4,2.88E+01
218.45,1.16E+02
218.49,3.34E+02
218.53,8.99E+02
218.57,2.27E+03
218.62,6.57E+03
218.66,1.43E+04
218.7,2.92E+04
218.74,5.59E+04
218.79,1.15E+05
218.83,1.91E+05
218.87,2.97E+05
218.91,4.34E+05
218.96,6.38E+05
219,8.11E+05
219.04,9.69E+05
219.08,1.09E+06
219.13,1.16E+06
219.17,1.14E+06
219.21,1.05E+06
219.25,9.14E+05
219.3,7.07E+05
219.34,5.38E+05
219.38,3.86E+05
219.42,2.61E+05
219.47,1.47E+05
219.51,8.63E+04
219.55,4.78E+04
219.59,2.49E+04
219.64,1.01E+04
219.68,4.57E+03
219.72,1.94E+03
219.76,7.76E+02
219.81,2.25E+02
219.85,7.90E+01
219.89,3.00E+01
219.93,2.32E+01
219.98,6.26E+01
220.02,1.70E+02
220.06,4.40E+02
220.1,1.07E+03
220.15,2.96E+03
220.19,6.22E+03
220.23,1.22E+04
220.27,2.25E+04
220.32,4.41E+04
220.36,7.01E+04
220.4,1.04E+05
220.44,1.46E+05
220.49,2.02E+05
220.53,2.43E+05
220.57,2.74E+05
220.61,2.90E+05
220.66,2.85E+05
220.7,2.60E+05
220.74,2.23E+05
220.78,1.80E+05
220.83,1.25E+05
220.87,8.71E+04
220.91,5.70E+04
220.95,3.49E+04
221,1.73E+04
221.04,9.23E+03
221.08,4.61E+03
221.12,2.17E+03
221.17,8.13E+02
221.21,4.37E+02
221.25,4.46E+02
221.29,8.53E+02
221.34,2.32E+03
221.38,4.95E+03
221.42,9.96E+03
221.46,1.88E+04
221.51,3.79E+04
221.55,6.17E+04
221.59,9.41E+04
221.63,1.35E+05
221.68,1.92E+05
221.72,2.38E+05
221.76,2.76E+05
221.8,3.00E+05
221.85,3.05E+05
221.89,2.88E+05
221.93,2.56E+05
221.97,2.16E+05
222.02,1.62E+05
222.06,1.23E+05
222.1,9.01E+04
222.14,6.49E+04
222.19,4.26E+04
222.23,3.05E+04
222.27,2.20E+04
222.32,1.52E+04
222.36,1.24E+04
222.4,1.23E+04
222.44,1.54E+04
222.49,2.49E+04
222.53,3.77E+04
222.57,5.54E+04
222.61,7.72E+04
222.66,1.07E+05
222.7,1.30E+05
222.74,1.48E+05
222.78,1.58E+05
222.83,1.56E+05
222.87,1.44E+05
222.91,1.25E+05
222.95,1.01E+05
223,7.12E+04
223.04,4.99E+04
223.08,3.28E+04
223.12,2.03E+04
223.17,1.01E+04
223.21,5.39E+03
223.25,2.70E+03
223.29,1.26E+03
223.34,4.48E+02
223.38,1.82E+02
223.42,6.91E+01
223.46,2.46E+01
223.51,6.19E+00
223.55,1.91E+00
223.59,5.59E-01
223.63,1.77E-01
223.68,1.82E-01
223.72,5.84E-01
223.76,2.03E+00
223.8,6.65E+00
223.85,2.69E+01
223.89,7.68E+01
223.93,2.05E+02
223.97,5.16E+02
224.02,1.49E+03
224.06,3.24E+03
224.1,6.62E+03
224.14,1.27E+04
224.19,2.62E+04
224.23,4.35E+04
224.27,6.78E+04
224.31,9.93E+04
224.36,1.46E+05
224.4,1.86E+05
224.44,2.21E+05
224.48,2.47E+05
224.53,2.60E+05
224.57,2.52E+05
224.61,2.31E+05
224.65,2.00E+05
224.7,1.58E+05
224.74,1.29E+05
224.78,1.12E+05
224.82,1.08E+05
224.87,1.27E+05
224.91,1.58E+05
224.95,2.00E+05
224.99,2.47E+05
225.04,3.02E+05
225.08,3.34E+05
225.12,3.51E+05
225.16,3.48E+05
225.21,3.19E+05
225.25,2.81E+05
225.29,2.34E+05
225.33,1.87E+05
225.38,1.35E+05
225.42,1.05E+05
225.46,8.65E+04
225.5,8.15E+04
225.55,9.21E+04
225.59,1.11E+05
225.63,1.35E+05
225.67,1.59E+05
225.72,1.82E+05
225.76,1.90E+05
225.8,1.87E+05
225.84,1.73E+05
225.89,1.43E+05
225.93,1.15E+05
225.97,8.68E+04
226.01,6.14E+04
226.06,3.65E+04
226.1,2.25E+04
226.14,1.30E+04
226.18,7.03E+03
226.23,3.00E+03
226.27,1.41E+03
226.31,6.23E+02
226.35,2.59E+02
226.4,7.90E+01
226.44,2.85E+01
226.48,9.64E+00
226.52,3.07E+00
226.57,6.71E-01
226.61,1.85E-01
226.65,4.89E-02
226.69,1.57E-02
226.74,2.63E-02
226.78,9.71E-02
226.82,3.59E-01
226.86,1.25E+00
226.91,5.49E+00
226.95,1.67E+01
226.99,4.76E+01
227.03,1.28E+02
227.08,4.03E+02
227.12,9.43E+02
227.16,2.07E+03
227.2,4.28E+03
227.25,9.72E+03
227.29,1.75E+04
227.33,2.95E+04
227.37,4.69E+04
227.42,7.68E+04
227.46,1.06E+05
227.5,1.38E+05
227.54,1.69E+05
227.59,1.99E+05
227.63,2.11E+05
227.67,2.11E+05
227.71,1.99E+05
227.76,1.69E+05
227.8,1.38E+05
227.84,1.07E+05
227.88,7.85E+04
227.93,5.12E+04
227.97,3.75E+04
228.01,3.16E+04
228.05,3.32E+04
228.1,4.48E+04
228.14,6.06E+04
228.18,8.05E+04
228.22,1.02E+05
228.27,1.27E+05
228.31,1.41E+05
228.35,1.48E+05
228.39,1.46E+05
228.44,1.31E+05
228.48,1.12E+05
228.52,9.06E+04
228.56,6.87E+04
228.61,4.46E+04
228.65,2.95E+04
228.69,1.83E+04
228.73,1.07E+04
228.78,5.03E+03
228.82,2.56E+03
228.86,1.23E+03
228.9,5.52E+02
228.95,1.87E+02
228.99,7.32E+01
229.03,2.70E+01
229.08,7.13E+00
229.12,2.29E+00
229.16,6.95E-01
229.2,2.10E-01
229.25,1.11E-01
229.29,2.89E-01
229.33,9.96E-01
229.37,3.33E+00
229.42,1.38E+01
229.46,4.04E+01
229.5,1.11E+02
229.54,2.88E+02
229.59,8.69E+02
229.63,1.97E+03
229.67,4.18E+03
229.71,8.38E+03
229.76,1.83E+04
229.8,3.21E+04
229.84,5.28E+04
229.88,8.18E+04
229.93,1.30E+05
229.97,1.76E+05
230.01,2.24E+05
230.05,2.68E+05
230.1,3.10E+05
230.14,3.26E+05
230.18,3.24E+05
230.22,3.10E+05
230.27,2.89E+05
230.31,2.91E+05
230.35,3.41E+05
230.39,4.74E+05
230.44,8.32E+05
230.48,1.34E+06
230.52,2.09E+06
230.56,3.11E+06
230.61,4.73E+06
230.65,6.19E+06
230.69,7.64E+06
230.73,8.88E+06
230.78,9.84E+06
230.82,9.99E+06
230.86,9.55E+06
230.9,8.60E+06
230.95,6.93E+06
230.99,5.45E+06
231.03,4.04E+06
231.07,2.81E+06
231.12,1.65E+06
231.16,1.00E+06
231.2,5.76E+05
231.24,3.11E+05
231.29,1.33E+05
231.33,6.25E+04
231.37,2.78E+04
231.41,1.16E+04
231.46,3.60E+03
231.5,1.32E+03
231.54,4.53E+02
231.58,1.47E+02
231.63,3.30E+01
231.67,9.36E+00
231.71,2.50E+00
231.75,6.27E-01
231.8,1.02E-01
231.84,2.25E-02
231.88,4.65E-03
231.92,9.04E-04
231.97,1.07E-04
232.01,1.83E-05
232.05,2.92E-06
232.09,4.41E-07
232.14,3.80E-08
232.18,5.01E-09
232.22,6.21E-10
234.94,1.31E-11
234.98,1.00E-10
235.03,1.17E-09
235.07,7.88E-09
235.11,5.00E-08
235.15,2.99E-07
235.2,2.59E-06
235.24,1.36E-05
235.28,6.76E-05
235.32,3.18E-04
235.37,2.02E-03
235.41,8.35E-03
235.45,3.26E-02
235.49,1.20E-01
235.54,5.63E-01
235.58,1.82E+00
235.62,5.57E+00
235.66,1.61E+01
235.71,5.57E+01
235.75,1.41E+02
235.79,3.38E+02
235.84,9.30E+02
235.88,1.96E+03
235.92,3.89E+03
235.96,7.31E+03
236.01,1.48E+04
236.05,2.45E+04
236.09,3.82E+04
236.13,5.62E+04
236.18,8.40E+04
236.22,1.09E+05
236.26,1.33E+05
236.3,1.53E+05
236.35,1.69E+05
236.39,1.72E+05
236.43,1.64E+05
236.47,1.49E+05
236.52,1.21E+05
236.56,9.62E+04
236.6,7.23E+04
236.64,5.13E+04
236.69,3.08E+04
236.73,1.92E+04
236.77,1.13E+04
236.81,6.28E+03
236.86,2.78E+03
236.9,1.36E+03
236.94,6.28E+02
236.98,2.74E+02
237.03,8.94E+01
237.07,3.42E+01
237.11,1.24E+01
237.15,4.23E+00
237.2,1.02E+00
237.24,3.07E-01
237.28,8.70E-02
237.32,2.33E-02
237.37,4.14E-03
237.41,9.75E-04
237.45,2.17E-04
237.49,4.55E-05
237.54,5.97E-06
237.58,1.10E-06
237.62,1.92E-07
237.66,3.17E-08
237.71,3.06E-09
237.75,4.43E-10
237.79,6.06E-11
239.15,1.55E-08
239.19,1.23E-07
239.24,1.31E-06
239.28,8.17E-06
239.32,4.83E-05
239.36,2.70E-04
239.41,2.15E-03
239.45,1.06E-02
239.49,4.97E-02
239.53,2.20E-01
239.58,1.31E+00
239.62,5.12E+00
239.66,1.90E+01
239.7,6.65E+01
239.75,2.96E+02
239.79,9.17E+02
239.83,2.69E+03
239.87,7.48E+03
239.92,2.49E+04
239.96,6.11E+04
240,1.42E+05
240.04,3.13E+05
240.09,7.78E+05
240.13,1.52E+06
240.17,2.79E+06
240.21,4.88E+06
240.26,9.07E+06
240.3,1.40E+07
240.34,2.05E+07
240.38,2.84E+07
240.43,3.95E+07
240.47,4.84E+07
240.51,5.61E+07
240.55,6.16E+07
240.6,6.42E+07
240.64,6.23E+07
240.68,5.74E+07
240.72,5.00E+07
240.77,3.90E+07
240.81,3.00E+07
240.85,2.19E+07
240.89,1.51E+07
240.94,8.83E+06
240.98,5.40E+06
241.02,3.12E+06
241.06,1.71E+06
241.11,7.48E+05
241.15,3.63E+05
241.19,1.66E+05
241.23,7.25E+04
241.28,2.45E+04
241.32,1.15E+04
241.36,9.82E+03
241.4,1.79E+04
241.45,5.05E+04
241.49,1.14E+05
241.53,2.45E+05
241.57,4.98E+05
241.62,1.12E+06
241.66,2.02E+06
241.7,3.43E+06
241.74,5.53E+06
241.79,9.31E+06
241.83,1.33E+07
241.87,1.79E+07
241.91,2.29E+07
241.96,2.89E+07
242,3.26E+07
242.04,3.50E+07
242.08,3.54E+07
242.13,3.34E+07
242.17,2.99E+07
242.21,2.54E+07
242.25,2.04E+07
242.3,1.44E+07
242.34,1.02E+07
242.38,6.88E+06
242.42,4.39E+06
242.47,2.31E+06
242.51,1.30E+06
242.55,6.96E+05
242.6,2.94E+05
242.64,1.39E+05
242.68,6.20E+04
242.72,2.62E+04
242.77,8.29E+03
242.81,3.10E+03
242.85,1.10E+03
242.89,3.69E+02
242.94,8.74E+01
242.98,2.68E+01
243.02,1.03E+01
243.06,1.10E+01
243.11,3.39E+01
243.15,8.96E+01
243.19,2.26E+02
243.23,5.43E+02
243.28,1.50E+03
243.32,3.19E+03
243.36,6.42E+03
243.4,1.22E+04
243.45,2.54E+04
243.49,4.30E+04
243.53,6.89E+04
243.57,1.05E+05
243.62,1.63E+05
243.66,2.20E+05
243.7,2.82E+05
243.74,3.45E+05
243.79,4.20E+05
243.83,4.82E+05
243.87,5.63E+05
243.91,6.99E+05
243.96,1.05E+06
244,1.62E+06
244.04,2.61E+06
244.08,4.23E+06
244.13,7.45E+06
244.17,1.12E+07
244.21,1.60E+07
244.25,2.18E+07
244.3,2.98E+07
244.34,3.62E+07
244.38,4.19E+07
244.42,4.65E+07
244.47,5.03E+07
244.51,5.22E+07
244.55,5.37E+07
244.59,5.58E+07
244.64,6.07E+07
244.68,6.68E+07
244.72,7.47E+07
244.76,8.35E+07
244.81,9.33E+07
244.85,9.84E+07
244.89,9.94E+07
244.93,9.59E+07
244.98,8.56E+07
245.02,7.37E+07
245.06,6.03E+07
245.1,4.67E+07
245.15,3.16E+07
245.19,2.17E+07
245.23,1.42E+07
245.27,8.77E+06
245.32,4.46E+06
245.36,2.45E+06
245.4,1.27E+06
245.44,6.28E+05
245.49,2.41E+05
245.53,1.05E+05
245.57,4.36E+04
245.61,1.72E+04
245.66,4.95E+03
245.7,1.73E+03
245.74,5.71E+02
245.78,1.79E+02
245.83,3.89E+01
245.87,1.08E+01
245.91,2.85E+00
245.95,7.11E-01
246,1.16E-01
246.04,2.58E-02
246.08,5.41E-03
246.12,1.08E-03
246.17,1.33E-04
246.21,2.35E-05
246.25,3.93E-06
246.29,6.23E-07
246.34,5.79E-08
246.38,8.15E-09
257.82,2.60E-08
257.86,1.60E-07
257.9,9.43E-07
257.94,5.29E-06
257.99,4.27E-05
258.03,2.15E-04
258.07,1.03E-03
258.11,4.74E-03
258.16,2.97E-02
258.2,1.22E-01
258.24,4.80E-01
258.28,1.80E+00
258.33,8.76E+00
258.37,2.95E+01
258.41,9.44E+01
258.45,2.89E+02
258.5,1.09E+03
258.54,3.00E+03
258.58,7.87E+03
258.62,1.97E+04
258.67,5.77E+04
258.71,1.30E+05
258.75,2.78E+05
258.79,5.66E+05
258.84,1.29E+06
258.88,2.37E+06
258.92,4.15E+06
258.96,6.91E+06
259.01,1.23E+07
259.05,1.84E+07
259.09,2.62E+07
259.13,3.57E+07
259.18,4.92E+07
259.22,6.02E+07
259.26,7.03E+07
259.3,7.82E+07
259.35,8.36E+07
259.39,8.36E+07
259.43,7.97E+07
259.47,7.25E+07
259.52,6.02E+07
259.56,4.92E+07
259.6,3.83E+07
259.64,2.85E+07
259.69,1.84E+07
259.73,1.23E+07
259.77,7.80E+06
259.81,4.73E+06
259.86,2.37E+06
259.9,1.29E+06
259.94,6.72E+05
259.98,3.33E+05
260.03,1.30E+05
260.07,5.77E+04
260.11,2.45E+04
260.15,9.93E+03
260.2,3.00E+03
260.24,1.09E+03
260.28,3.79E+02
260.32,1.25E+02
260.37,2.95E+01
260.41,8.76E+00
260.45,2.48E+00
260.49,6.71E-01
260.54,1.22E-01
260.58,2.97E-02
260.62,6.90E-03
260.66,1.63E-03
260.71,1.05E-03
260.75,3.99E-03
260.79,1.77E-02
260.83,7.60E-02
260.88,4.40E-01
260.92,1.70E+00
260.96,6.27E+00
261,2.21E+01
261.05,9.96E+01
261.09,3.16E+02
261.13,9.56E+02
261.17,2.76E+03
261.22,9.73E+03
261.26,2.53E+04
261.3,6.28E+04
261.34,1.49E+05
261.39,4.10E+05
261.43,8.75E+05
261.47,1.78E+06
261.51,3.47E+06
261.56,7.45E+06
261.6,1.31E+07
261.64,2.18E+07
261.68,3.48E+07
261.73,5.85E+07
261.77,8.40E+07
261.81,1.15E+08
261.85,1.51E+08
261.9,1.98E+08
261.94,2.33E+08
261.98,2.63E+08
262.02,2.83E+08
262.07,2.90E+08
262.11,2.80E+08
262.15,2.59E+08
262.19,2.29E+08
262.24,1.84E+08
262.28,1.46E+08
262.32,1.12E+08
262.36,8.23E+07
262.41,5.44E+07
262.45,3.95E+07
262.49,3.07E+07
262.53,2.71E+07
262.58,2.82E+07
262.62,3.22E+07
262.66,3.78E+07
262.71,4.52E+07
262.75,5.03E+07
262.79,5.38E+07
262.83,5.49E+07
262.88,5.30E+07
262.92,4.88E+07
262.96,4.30E+07
263,3.61E+07
263.05,2.72E+07
263.09,2.06E+07
263.13,1.49E+07
263.17,1.03E+07
263.22,6.07E+06
263.26,3.78E+06
263.3,2.24E+06
263.34,1.27E+06
263.39,5.86E+05
263.43,3.00E+05
263.47,1.47E+05
263.51,7.10E+04
263.56,3.46E+04
263.6,3.54E+04
263.64,6.41E+04
263.68,1.38E+05
263.73,3.60E+05
263.77,7.39E+05
263.81,1.45E+06
263.85,2.73E+06
263.9,5.61E+06
263.94,9.50E+06
263.98,1.54E+07
264.02,2.37E+07
264.07,3.83E+07
264.11,5.34E+07
264.15,7.11E+07
264.19,9.05E+07
264.24,1.15E+08
264.28,1.31E+08
264.32,1.44E+08
264.36,1.51E+08
264.41,1.50E+08
264.45,1.41E+08
264.49,1.28E+08
264.53,1.10E+08
264.58,8.56E+07
264.62,6.65E+07
264.66,4.94E+07
264.7,3.50E+07
264.75,2.14E+07
264.79,1.37E+07
264.83,8.37E+06
264.87,4.90E+06
264.92,2.39E+06
264.96,1.34E+06
265,8.41E+05
265.04,7.50E+05
265.09,1.15E+06
265.13,1.96E+06
265.17,3.38E+06
265.21,5.67E+06
265.26,1.02E+07
265.3,1.55E+07
265.34,2.26E+07
265.38,3.13E+07
265.43,4.43E+07
265.47,5.56E+07
265.51,6.67E+07
265.55,7.64E+07
265.6,8.50E+07
265.64,8.79E+07
265.68,8.70E+07
265.72,8.22E+07
265.77,7.20E+07
265.81,6.17E+07
265.85,5.08E+07
265.89,4.05E+07
265.94,2.99E+07
265.98,2.42E+07
266.02,2.14E+07
266.06,2.17E+07
266.11,2.65E+07
266.15,3.35E+07
266.19,4.29E+07
266.23,5.40E+07
266.28,6.84E+07
266.32,7.90E+07
266.36,8.73E+07
266.4,9.23E+07
266.45,9.30E+07
266.49,8.89E+07
266.53,8.12E+07
266.57,7.09E+07
266.62,5.62E+07
266.66,4.44E+07
266.7,3.35E+07
266.74,2.41E+07
266.79,1.51E+07
266.83,9.81E+06
266.87,6.11E+06
266.91,3.64E+06
266.96,1.79E+06
267,9.61E+05
267.04,4.95E+05
267.08,2.43E+05
267.13,9.39E+04
267.17,4.18E+04
267.21,1.78E+04
267.25,7.51E+03
267.3,3.38E+03
267.34,4.05E+03
267.38,8.73E+03
267.42,2.11E+04
267.47,6.18E+04
267.51,1.39E+05
267.55,3.00E+05
267.59,6.17E+05
267.64,1.43E+06
267.68,2.67E+06
267.72,4.76E+06
267.76,8.12E+06
267.81,1.49E+07
267.85,2.29E+07
267.89,3.39E+07
267.93,4.78E+07
267.98,6.92E+07
268.02,8.85E+07
268.06,1.08E+08
268.1,1.27E+08
268.15,1.47E+08
268.19,1.57E+08
268.23,1.61E+08
268.27,1.60E+08
268.32,1.53E+08
268.36,1.43E+08
268.4,1.32E+08
268.44,1.22E+08
268.49,1.11E+08
268.53,1.05E+08
268.57,9.93E+07
268.61,9.53E+07
268.66,9.12E+07
268.7,8.85E+07
268.74,8.64E+07
268.78,8.52E+07
268.83,8.53E+07
268.87,8.68E+07
268.91,8.90E+07
268.95,9.13E+07
269,9.28E+07
269.04,9.18E+07
269.08,8.82E+07
269.12,8.20E+07
269.17,7.10E+07
269.21,6.05E+07
269.25,4.96E+07
269.29,3.92E+07
269.34,2.81E+07
269.38,2.14E+07
269.42,1.68E+07
269.47,1.42E+07
269.51,1.43E+07
269.55,1.63E+07
269.59,1.96E+07
269.64,2.50E+07
269.68,2.96E+07
269.72,3.39E+07
269.76,3.74E+07
269.81,3.97E+07
269.85,3.97E+07
269.89,3.79E+07
269.93,3.48E+07
269.98,2.93E+07
270.02,2.43E+07
270.06,1.93E+07
270.1,1.47E+07
270.15,9.78E+06
270.19,6.75E+06
270.23,4.49E+06
270.27,2.92E+06
270.32,1.78E+06
270.36,1.41E+06
270.4,1.48E+06
270.44,1.97E+06
270.49,3.28E+06
270.53,4.96E+06
270.57,7.30E+06
270.61,1.03E+07
270.66,1.50E+07
270.7,1.93E+07
270.74,2.37E+07
270.78,2.79E+07
270.83,3.23E+07
270.87,3.45E+07
270.91,3.53E+07
270.95,3.46E+07
271,3.19E+07
271.04,2.86E+07
271.08,2.50E+07
271.12,2.14E+07
271.17,1.78E+07
271.21,1.61E+07
271.25,1.57E+07
271.29,1.67E+07
271.34,1.97E+07
271.38,2.32E+07
271.42,2.72E+07
271.46,3.12E+07
271.51,3.54E+07
271.55,3.77E+07
271.59,3.87E+07
271.63,3.86E+07
271.68,3.70E+07
271.72,3.50E+07
271.76,3.29E+07
271.8,3.09E+07
271.85,2.88E+07
271.89,2.76E+07
271.93,2.66E+07
271.97,2.56E+07
272.02,2.41E+07
272.06,2.23E+07
272.1,2.01E+07
272.14,1.76E+07
272.19,1.41E+07
272.23,1.13E+07
272.27,8.65E+06
272.31,6.37E+06
272.36,4.10E+06
272.4,2.75E+06
272.44,1.76E+06
272.48,1.08E+06
272.53,5.54E+05
272.57,3.09E+05
272.61,1.65E+05
272.65,8.52E+04
272.7,3.67E+04
272.74,2.18E+04
272.78,2.11E+04
272.82,3.52E+04
272.87,8.69E+04
272.91,1.80E+05
272.95,3.60E+05
272.99,6.91E+05
273.04,1.47E+06
273.08,2.56E+06
273.12,4.28E+06
273.16,6.85E+06
273.21,1.16E+07
273.25,1.69E+07
273.29,2.35E+07
273.33,3.14E+07
273.38,4.24E+07
273.42,5.14E+07
273.46,5.96E+07
273.5,6.64E+07
273.55,7.14E+07
273.59,7.22E+07
273.63,6.99E+07
273.67,6.49E+07
273.72,5.56E+07
273.76,4.69E+07
273.8,3.79E+07
273.84,2.93E+07
273.89,2.00E+07
273.93,1.41E+07
273.97,9.47E+06
274.01,6.11E+06
274.06,3.33E+06
274.1,1.95E+06
274.14,1.10E+06
274.18,5.89E+05
274.23,2.56E+05
274.27,1.25E+05
274.31,5.85E+04
274.35,2.62E+04
274.4,9.07E+03
274.44,3.70E+03
274.48,1.44E+03
274.52,5.40E+02
274.57,1.49E+02
274.61,5.05E+01
274.65,1.64E+01
274.69,5.13E+00
274.74,1.13E+00
274.78,3.19E-01
274.82,8.65E-02
274.86,2.25E-02
274.91,3.94E-03
274.95,9.30E-04
274.99,2.11E-04
275.03,4.57E-05
275.08,6.36E-06
275.12,1.25E-06
275.16,2.37E-07
275.2,4.28E-08
275.84,5.15E-10
275.88,2.92E-09
275.93,2.41E-08
275.97,1.24E-07
276.01,6.15E-07
276.05,2.92E-06
276.1,1.93E-05
276.14,8.36E-05
276.18,3.47E-04
276.23,1.94E-03
276.27,7.32E-03
276.31,2.65E-02
276.35,9.23E-02
276.4,4.14E-01
276.44,1.31E+00
276.48,3.98E+00
276.52,1.16E+01
276.57,4.17E+01
276.61,1.11E+02
276.65,2.82E+02
276.69,6.88E+02
276.74,1.98E+03
276.78,4.41E+03
276.82,9.42E+03
276.86,1.93E+04
276.91,4.46E+04
276.95,8.31E+04
276.99,1.49E+05
277.03,2.55E+05
277.08,4.73E+05
277.12,7.39E+05
277.16,1.11E+06
277.2,1.59E+06
277.25,2.37E+06
277.29,3.10E+06
277.33,3.90E+06
277.37,4.70E+06
277.42,5.60E+06
277.46,6.15E+06
277.5,6.48E+06
277.54,6.54E+06
277.59,6.25E+06
277.63,5.75E+06
277.67,5.08E+06
277.71,4.30E+06
277.76,3.30E+06
277.8,2.54E+06
277.84,1.88E+06
277.88,1.34E+06
277.93,8.21E+05
277.97,5.31E+05
278.01,3.29E+05
278.05,1.96E+05
278.1,9.65E+04
278.14,5.23E+04
278.18,2.72E+04
278.22,1.36E+04
278.27,5.35E+03
278.31,2.43E+03
278.35,1.06E+03
278.39,4.43E+02
278.44,1.40E+02
278.48,5.34E+01
278.52,1.95E+01
278.56,6.83E+00
278.61,1.74E+00
278.65,5.54E-01
278.69,1.70E-01
278.73,4.98E-02
278.78,1.01E-02
278.82,2.71E-03
278.86,6.95E-04
278.9,1.71E-04
278.95,2.80E-05
278.99,6.27E-06
279.03,1.35E-06
279.07,2.78E-07
279.12,3.64E-08
279.16,6.84E-09
279.2,1.23E-09
281.92,9.15E-09
281.96,4.87E-08
282.01,3.71E-07
282.05,1.81E-06
282.09,8.43E-06
282.13,3.79E-05
282.18,2.34E-04
282.22,9.60E-04
282.26,3.79E-03
282.3,1.44E-02
282.35,7.18E-02
282.39,2.49E-01
282.43,8.30E-01
282.47,2.66E+00
282.52,1.08E+01
282.56,3.15E+01
282.6,8.86E+01
282.64,2.39E+02
282.69,7.85E+02
282.73,1.94E+03
282.77,4.61E+03
282.81,1.05E+04
282.86,2.79E+04
282.9,5.83E+04
282.94,1.17E+05
282.99,2.64E+05
283.03,4.84E+05
283.07,8.53E+05
283.11,1.45E+06
283.16,2.64E+06
283.2,4.09E+06
283.24,6.09E+06
283.28,8.71E+06
283.33,1.29E+07
283.37,1.69E+07
283.41,2.12E+07
283.45,2.56E+07
283.5,3.07E+07
283.54,3.39E+07
283.58,3.59E+07
283.62,3.67E+07
283.67,3.55E+07
283.71,3.32E+07
283.75,2.97E+07
283.79,2.56E+07
283.84,2.01E+07
283.88,1.58E+07
283.92,1.20E+07
283.96,8.71E+06
284.01,5.53E+06
284.05,3.68E+06
284.09,2.35E+06
284.13,1.45E+06
284.18,7.43E+05
284.22,4.18E+05
284.26,2.25E+05
284.3,1.17E+05
284.35,4.87E+04
284.39,2.31E+04
284.43,1.05E+04
284.47,4.61E+03
284.52,1.55E+03
284.56,6.22E+02
284.6,2.39E+02
284.64,8.86E+01
284.69,2.42E+01
284.73,8.17E+00
284.77,2.66E+00
284.81,8.30E-01
284.86,1.83E-01
284.9,5.23E-02
284.94,1.44E-02
284.98,3.79E-03
285.03,6.77E-04
285.07,1.63E-04
285.11,3.79E-05
285.15,8.43E-06
285.2,1.23E-06
285.24,3.04E-07
285.28,3.24E-07
285.32,1.33E-06
285.37,8.82E-06
285.41,3.86E-05
285.45,1.63E-04
285.49,6.60E-04
285.54,3.59E-03
285.58,1.33E-02
285.62,4.76E-02
285.66,1.64E-01
285.71,7.25E-01
285.75,2.28E+00
285.79,6.91E+00
285.83,2.01E+01
285.88,7.25E+01
285.92,1.93E+02
285.96,4.97E+02
286,1.23E+03
286.05,3.59E+03
286.09,8.13E+03
286.13,1.77E+04
286.17,3.70E+04
286.22,8.82E+04
286.26,1.69E+05
286.3,3.12E+05
286.34,5.54E+05
286.39,1.07E+06
286.43,1.75E+06
286.47,2.73E+06
286.51,4.10E+06
286.56,6.47E+06
286.6,8.92E+06
286.64,1.18E+07
286.68,1.51E+07
286.73,1.93E+07
286.77,2.26E+07
286.81,2.54E+07
286.85,2.74E+07
286.9,2.86E+07
286.94,2.84E+07
286.98,2.70E+07
287.02,2.47E+07
287.07,2.10E+07
287.11,1.76E+07
287.15,1.42E+07
287.19,1.11E+07
287.24,7.63E+06
287.28,5.43E+06
287.32,3.72E+06
287.36,2.45E+06
287.41,1.38E+06
287.45,8.30E+05
287.49,4.81E+05
287.53,2.69E+05
287.58,1.23E+05
287.62,6.28E+04
287.66,3.09E+04
287.7,1.47E+04
287.75,5.61E+03
287.79,2.78E+03
287.83,1.95E+03
287.87,2.53E+03
287.92,5.53E+03
287.96,1.10E+04
288,2.12E+04
288.04,3.95E+04
288.09,8.16E+04
288.13,1.40E+05
288.17,2.30E+05
288.21,3.65E+05
288.26,6.15E+05
288.3,8.94E+05
288.34,1.25E+06
288.38,1.69E+06
288.43,2.32E+06
288.47,2.86E+06
288.51,3.40E+06
288.55,3.89E+06
288.6,4.36E+06
288.64,4.57E+06
288.68,4.62E+06
288.72,4.49E+06
288.77,4.10E+06
288.81,3.66E+06
288.85,3.13E+06
288.89,2.59E+06
288.94,1.93E+06
288.98,1.46E+06
289.02,1.06E+06
289.06,7.45E+05
289.11,4.53E+05
289.15,2.91E+05
289.19,1.80E+05
289.23,1.07E+05
289.28,5.32E+04
289.32,2.91E+04
289.36,1.53E+04
289.4,7.72E+03
289.45,3.12E+03
289.49,1.45E+03
289.53,6.46E+02
289.57,2.78E+02
289.62,9.15E+01
289.66,3.61E+01
289.7,1.37E+01
289.75,3.86E+00
289.79,1.34E+00
289.83,4.49E-01
289.87,1.45E-01
289.92,3.33E-02
289.96,9.83E-03
290,2.79E-03
290.04,7.64E-04
290.09,1.43E-04
290.13,3.60E-05
290.17,8.69E-06
290.21,2.02E-06
290.26,3.09E-07
290.3,6.58E-08
290.34,1.35E-08
290.38,2.67E-09
290.43,3.32E-10
325.93,5.46E-09
325.97,2.31E-08
326.01,9.52E-08
326.05,3.80E-07
326.1,2.05E-06
326.14,7.67E-06
326.18,2.78E-05
326.22,9.77E-05
326.27,4.51E-04
326.31,1.48E-03
326.35,4.74E-03
326.39,1.47E-02
326.44,5.79E-02
326.48,1.68E-01
326.52,4.72E-01
326.56,1.29E+00
326.61,4.34E+00
326.65,1.11E+01
326.69,2.75E+01
326.73,6.61E+01
326.78,1.90E+02
326.82,4.27E+02
326.86,9.34E+02
326.9,1.98E+03
326.95,4.86E+03
326.99,9.63E+03
327.03,1.85E+04
327.07,3.46E+04
327.12,7.25E+04
327.16,1.27E+05
327.2,2.15E+05
327.24,3.54E+05
327.29,6.33E+05
327.33,9.75E+05
327.37,1.46E+06
327.41,2.11E+06
327.46,3.23E+06
327.5,4.38E+06
327.54,5.77E+06
327.58,7.37E+06
327.63,9.61E+06
327.67,1.15E+07
327.71,1.33E+07
327.75,1.50E+07
327.8,1.67E+07
327.84,1.76E+07
327.88,1.80E+07
327.92,1.79E+07
327.97,1.70E+07
328.01,1.58E+07
328.05,1.42E+07
328.09,1.24E+07
328.14,1.01E+07
328.18,8.24E+06
328.22,6.54E+06
328.26,5.04E+06
328.31,3.49E+06
328.35,2.52E+06
328.39,1.76E+06
328.43,1.20E+06
328.48,7.07E+05
328.52,4.49E+05
328.56,2.77E+05
328.6,1.66E+05
328.65,8.36E+04
328.69,4.68E+04
328.73,2.54E+04
328.77,1.34E+04
328.82,5.78E+03
328.86,2.85E+03
328.9,1.36E+03
328.94,6.34E+02
328.99,2.33E+02
329.03,1.01E+02
329.07,4.28E+01
329.11,1.75E+01
329.16,5.50E+00
329.2,2.11E+00
329.24,7.83E-01
329.28,2.82E-01
329.33,7.57E-02
329.37,2.56E-02
329.41,8.37E-03
329.45,2.66E-03
329.5,6.09E-04
329.54,1.81E-04
329.58,5.23E-05
329.62,1.47E-05
329.67,2.86E-06
329.71,7.50E-07
329.75,1.91E-07
329.79,4.71E-08
329.84,7.86E-09
329.88,1.82E-09
347.69,6.08E-09
347.74,3.32E-08
347.78,1.25E-07
347.82,4.59E-07
347.86,1.64E-06
347.91,7.80E-06
347.95,2.63E-05
347.99,8.65E-05
348.03,2.77E-04
348.08,1.14E-03
348.12,3.45E-03
348.16,1.02E-02
348.2,2.91E-02
348.25,1.05E-01
348.29,2.82E-01
348.33,7.43E-01
348.37,1.91E+00
348.42,5.96E+00
348.46,1.44E+01
348.5,3.39E+01
348.54,7.79E+01
348.59,2.12E+02
348.63,4.58E+02
348.67,9.66E+02
348.71,1.98E+03
348.76,4.70E+03
348.8,9.09E+03
348.84,1.71E+04
348.88,3.15E+04
348.93,6.49E+04
348.97,1.12E+05
349.01,1.90E+05
349.05,3.12E+05
349.1,5.59E+05
349.14,8.66E+05
349.18,1.31E+06
349.22,1.92E+06
349.27,3.00E+06
349.31,4.17E+06
349.35,5.63E+06
349.39,7.40E+06
349.44,1.01E+07
349.48,1.25E+07
349.52,1.51E+07
349.56,1.78E+07
349.61,2.10E+07
349.65,2.33E+07
349.69,2.52E+07
349.73,2.66E+07
349.78,2.74E+07
349.82,2.72E+07
349.86,2.63E+07
349.9,2.48E+07
349.95,2.22E+07
349.99,1.97E+07
350.03,1.71E+07
350.07,1.44E+07
350.12,1.12E+07
350.16,8.94E+06
350.2,6.93E+06
350.25,4.86E+06
350.29,3.55E+06
350.33,2.53E+06
350.37,1.75E+06
350.42,1.07E+06
350.46,6.98E+05
350.5,4.45E+05
350.54,2.76E+05
350.59,1.47E+05
350.63,8.57E+04
350.67,4.88E+04
350.71,2.71E+04
350.76,1.25E+04
350.8,6.55E+03
350.84,3.34E+03
350.88,1.66E+03
350.93,6.67E+02
350.97,3.13E+02
351.01,1.43E+02
351.05,6.34E+01
351.1,2.22E+01
351.14,9.30E+00
351.18,3.80E+00
351.22,1.51E+00
351.27,4.60E-01
351.31,1.72E-01
351.35,6.30E-02
351.39,2.24E-02
351.44,5.94E-03
351.48,1.99E-03
351.52,6.52E-04
351.56,2.08E-04
351.61,4.79E-05
351.65,1.44E-05
351.69,4.20E-06
351.73,1.20E-06
351.78,2.40E-07
351.82,6.46E-08
351.86,1.69E-08
351.9,4.31E-09
362.11,2.02E-13
362.15,8.32E-13
362.19,2.98E-12
362.23,1.05E-11
362.28,4.84E-11
362.32,1.61E-10
362.36,5.21E-10
362.4,1.65E-09
362.45,6.74E-09
362.49,2.02E-08
362.53,5.92E-08
362.57,1.69E-07
362.62,6.09E-07
362.66,1.65E-06
362.7,4.38E-06
362.74,1.13E-05
362.79,3.59E-05
362.83,8.80E-05
362.87,2.11E-04
362.91,4.92E-04
362.96,1.38E-03
363,3.05E-03
363.04,6.60E-03
363.08,1.40E-02
363.13,3.44E-02
363.17,6.90E-02
363.21,1.35E-01
363.25,2.58E-01
363.3,5.62E-01
363.34,1.02E+00
363.38,1.80E+00
363.42,3.12E+00
363.47,5.98E+00
363.51,9.81E+00
363.55,1.57E+01
363.59,2.46E+01
363.64,4.16E+01
363.68,6.18E+01
363.72,8.95E+01
363.77,1.38E+02
363.81,1.89E+02
363.85,2.54E+02
363.89,3.33E+02
363.94,4.53E+02
363.98,5.63E+02
364.02,6.84E+02
364.06,8.11E+02
364.11,9.72E+02
364.15,1.09E+03
364.19,1.20E+03
364.23,1.29E+03
364.28,1.37E+03
364.32,1.39E+03
364.36,1.38E+03
364.4,1.34E+03
364.45,1.25E+03
364.49,1.15E+03
364.53,1.04E+03
364.57,9.12E+02
364.62,7.50E+02
364.66,6.25E+02
364.7,5.09E+02
364.74,4.04E+02
364.79,2.93E+02
364.83,2.21E+02
364.87,1.63E+02
364.91,1.17E+02
364.96,7.48E+01
365,5.10E+01
365.04,3.39E+01
365.08,2.20E+01
365.13,1.24E+01
365.17,7.66E+00
365.21,4.61E+00
365.25,2.71E+00
365.3,1.36E+00
365.34,7.85E-01
365.38,4.77E-01
365.42,3.47E-01
365.47,3.72E-01
365.51,5.39E-01
365.55,8.73E-01
365.59,1.45E+00
365.64,2.68E+00
365.68,4.28E+00
365.72,6.69E+00
365.76,1.02E+01
365.81,1.68E+01
365.85,2.42E+01
365.89,3.42E+01
365.93,4.72E+01
365.98,6.83E+01
366.02,8.93E+01
366.06,1.14E+02
366.1,1.42E+02
366.15,1.81E+02
366.19,2.14E+02
366.23,2.47E+02
366.27,2.78E+02
366.32,3.12E+02
366.36,3.33E+02
366.4,3.47E+02
366.44,3.54E+02
366.49,3.50E+02
366.53,3.37E+02
366.57,3.18E+02
366.61,2.92E+02
366.66,2.55E+02
366.7,2.22E+02
366.74,1.89E+02
366.78,1.57E+02
366.83,1.21E+02
366.87,9.51E+01
366.91,7.32E+01
366.95,5.50E+01
367,3.72E+01
367.04,2.65E+01
367.08,1.84E+01
367.12,1.25E+01
367.17,7.45E+00
367.21,4.80E+00
367.25,3.01E+00
367.29,1.85E+00
367.34,9.71E-01
367.38,5.64E-01
367.42,3.21E-01
367.46,1.78E-01
367.51,8.22E-02
367.55,4.32E-02
367.59,2.22E-02
367.63,1.11E-02
367.68,4.53E-03
367.72,2.15E-03
367.76,9.97E-04
367.8,4.52E-04
367.85,1.62E-04
367.89,6.96E-05
367.93,2.92E-05
367.97,1.19E-05
368.02,3.78E-06
368.06,1.47E-06
368.1,5.55E-07
368.14,2.05E-07
368.19,5.74E-08
368.23,2.08E-08
368.27,9.19E-09
368.31,9.27E-09
368.36,2.72E-08
368.4,7.59E-08
368.44,2.10E-07
368.48,5.71E-07
368.53,1.92E-06
368.57,4.95E-06
368.61,1.25E-05
368.65,3.06E-05
368.7,9.12E-05
368.74,2.13E-04
368.78,4.84E-04
368.82,1.08E-03
368.87,2.83E-03
368.91,5.98E-03
368.95,1.23E-02
368.99,2.49E-02
369.04,5.78E-02
369.08,1.10E-01
369.12,2.06E-01
369.16,3.76E-01
369.21,7.72E-01
369.25,1.34E+00
369.29,2.26E+00
369.33,3.74E+00
369.38,6.77E+00
369.42,1.06E+01
369.46,1.63E+01
369.5,2.43E+01
369.55,3.89E+01
369.59,5.53E+01
369.63,7.67E+01
369.67,1.04E+02
369.72,1.47E+02
369.76,1.89E+02
369.8,2.37E+02
369.84,2.91E+02
369.89,3.63E+02
369.93,4.23E+02
369.97,4.81E+02
370.01,5.34E+02
370.06,5.89E+02
370.1,6.21E+02
370.14,6.40E+02
370.18,6.43E+02
370.23,6.27E+02
370.27,5.99E+02
370.31,5.58E+02
370.35,5.08E+02
370.4,4.38E+02
370.44,3.78E+02
370.48,3.20E+02
370.53,2.51E+02
370.57,2.02E+02
370.61,1.59E+02
370.65,1.23E+02
370.7,8.86E+01
370.74,6.90E+01
370.78,5.60E+01
370.82,4.93E+01
370.87,4.92E+01
370.91,5.54E+01
370.95,6.72E+01
370.99,8.44E+01
371.04,1.13E+02
371.08,1.42E+02
371.12,1.75E+02
371.16,2.11E+02
371.21,2.60E+02
371.25,2.98E+02
371.29,3.35E+02
371.33,3.67E+02
371.38,3.99E+02
371.42,4.16E+02
371.46,4.23E+02
371.5,4.21E+02
371.55,4.04E+02
371.59,3.82E+02
371.63,3.52E+02
371.67,3.18E+02
371.72,2.71E+02
371.76,2.34E+02
371.8,1.99E+02
371.84,1.68E+02
371.89,1.37E+02
371.93,1.21E+02
371.97,1.13E+02
372.01,1.15E+02
372.06,1.34E+02
372.1,1.63E+02
372.14,2.05E+02
372.18,2.61E+02
372.23,3.52E+02
372.27,4.41E+02
372.31,5.41E+02
372.35,6.52E+02
372.4,8.00E+02
372.44,9.21E+02
372.48,1.04E+03
372.52,1.15E+03
372.57,1.28E+03
372.61,1.37E+03
372.65,1.45E+03
372.69,1.51E+03
372.74,1.59E+03
372.78,1.65E+03
372.82,1.71E+03
372.86,1.77E+03
372.91,1.86E+03
372.95,1.95E+03
372.99,2.03E+03
373.03,2.11E+03
373.08,2.20E+03
373.12,2.25E+03
373.16,2.27E+03
373.2,2.26E+03
373.25,2.20E+03
373.29,2.10E+03
373.33,1.97E+03
373.37,1.82E+03
373.42,1.61E+03
373.46,1.44E+03
373.5,1.28E+03
373.54,1.14E+03
373.59,1.01E+03
373.63,9.57E+02
373.67,9.55E+02
373.71,1.01E+03
373.76,1.16E+03
373.8,1.34E+03
373.84,1.57E+03
373.88,1.84E+03
373.93,2.21E+03
373.97,2.53E+03
374.01,2.83E+03
374.05,3.11E+03
374.1,3.40E+03
374.14,3.55E+03
374.18,3.63E+03
374.22,3.63E+03
374.27,3.51E+03
374.31,3.34E+03
374.35,3.10E+03
374.39,2.81E+03
374.44,2.41E+03
374.48,2.08E+03
374.52,1.75E+03
374.56,1.44E+03
374.61,1.10E+03
374.65,8.57E+02
374.69,6.55E+02
374.73,4.90E+02
374.78,3.29E+02
374.82,2.34E+02
374.86,1.62E+02
374.9,1.10E+02
374.95,6.55E+01
374.99,4.22E+01
375.03,2.66E+01
375.07,1.63E+01
375.12,8.63E+00
375.16,5.04E+00
375.2,2.88E+00
375.24,1.61E+00
375.29,7.52E-01
375.33,3.99E-01
375.37,2.07E-01
375.41,1.05E-01
375.46,4.33E-02
375.5,2.09E-02
375.54,9.81E-03
375.58,4.51E-03
375.63,1.65E-03
375.67,7.22E-04
375.71,3.08E-04
375.75,1.29E-04
375.8,4.18E-05
375.84,1.66E-05
375.88,6.41E-06
375.92,2.43E-06
375.97,6.99E-07
376.01,2.52E-07
376.05,9.16E-08
376.09,4.02E-08
376.14,4.53E-08
376.18,1.09E-07
376.22,2.95E-07
376.26,7.98E-07
376.31,2.69E-06
376.35,6.92E-06
376.39,1.74E-05
376.43,4.29E-05
376.48,1.28E-04
376.52,3.01E-04
376.56,6.88E-04
376.6,1.54E-03
376.65,4.09E-03
376.69,8.71E-03
376.73,1.81E-02
376.77,3.69E-02
376.82,8.70E-02
376.86,1.69E-01
376.9,3.19E-01
376.94,5.91E-01
376.99,1.24E+00
377.03,2.18E+00
377.07,3.74E+00
377.11,6.30E+00
377.16,1.17E+01
377.2,1.87E+01
377.24,2.93E+01
377.29,4.97E+01
377.33,7.40E+01
377.37,1.08E+02
377.41,1.53E+02
377.46,2.31E+02
377.5,3.12E+02
377.54,4.13E+02
377.58,5.35E+02
377.63,7.15E+02
377.67,8.79E+02
377.71,1.06E+03
377.75,1.25E+03
377.8,1.48E+03
377.84,1.66E+03
377.88,1.81E+03
377.92,1.94E+03
377.97,2.05E+03
378.01,2.09E+03
378.05,2.09E+03
378.09,2.05E+03
378.14,1.93E+03
378.18,1.81E+03
378.22,1.67E+03
378.26,1.51E+03
378.31,1.31E+03
378.35,1.15E+03
378.39,1.01E+03
378.43,8.80E+02
378.48,7.43E+02
378.52,6.52E+02
378.56,5.77E+02
378.6,5.15E+02
378.65,4.54E+02
378.69,4.17E+02
378.73,3.88E+02
378.77,3.69E+02
378.82,3.60E+02
378.86,3.66E+02
378.9,3.88E+02
378.94,4.26E+02
378.99,5.02E+02
379.03,5.85E+02
379.07,6.89E+02
379.11,8.11E+02
379.16,9.84E+02
379.2,1.13E+03
379.24,1.28E+03
379.28,1.42E+03
379.33,1.58E+03
379.37,1.67E+03
379.41,1.74E+03
379.45,1.76E+03
379.5,1.74E+03
379.54,1.69E+03
379.58,1.60E+03
379.62,1.48E+03
379.67,1.30E+03
379.71,1.14E+03
379.75,9.83E+02
379.79,8.27E+02
379.84,6.46E+02
379.88,5.18E+02
379.92,4.05E+02
379.96,3.10E+02
380.01,2.16E+02
380.05,1.57E+02
380.09,1.12E+02
380.13,7.80E+01
380.18,4.81E+01
380.22,3.19E+01
380.26,2.07E+01
380.3,1.31E+01
380.35,7.19E+00
380.39,4.34E+00
380.43,2.56E+00
380.47,1.48E+00
380.52,7.20E-01
380.56,3.95E-01
380.6,2.12E-01
380.64,1.11E-01
380.69,4.82E-02
380.73,2.41E-02
380.77,1.18E-02
380.81,5.62E-03
380.86,2.17E-03
380.9,1.01E-03
380.94,5.13E-04
380.98,3.65E-04
381.03,5.40E-04
381.07,1.06E-03
381.11,2.19E-03
381.15,4.51E-03
381.2,1.09E-02
381.24,2.14E-02
381.28,4.13E-02
381.32,7.81E-02
381.37,1.68E-01
381.41,3.02E-01
381.45,5.31E-01
381.49,9.15E-01
381.54,1.76E+00
381.58,2.88E+00
381.62,4.64E+00
381.66,7.31E+00
381.71,1.25E+01
381.75,1.89E+01
381.79,2.79E+01
381.83,4.03E+01
381.88,6.23E+01
381.92,8.64E+01
381.96,1.18E+02
382,1.58E+02
382.05,2.22E+02
382.09,2.87E+02
382.13,3.66E+02
382.17,4.60E+02
382.22,6.02E+02
382.26,7.37E+02
382.3,8.92E+02
382.34,1.07E+03
382.39,1.32E+03
382.43,1.55E+03
382.47,1.81E+03
382.51,2.08E+03
382.56,2.43E+03
382.6,2.73E+03
382.64,3.02E+03
382.68,3.29E+03
382.73,3.60E+03
382.77,3.80E+03
382.81,3.94E+03
382.85,4.03E+03
382.9,4.03E+03
382.94,3.95E+03
382.98,3.81E+03
383.02,3.60E+03
383.07,3.27E+03
383.11,2.96E+03
383.15,2.62E+03
383.19,2.28E+03
383.24,1.86E+03
383.28,1.55E+03
383.32,1.27E+03
383.36,1.01E+03
383.41,7.48E+02
383.45,5.76E+02
383.49,4.40E+02
383.53,3.36E+02
383.58,2.47E+02
383.62,2.04E+02
383.66,1.83E+02
383.7,1.81E+02
383.75,2.03E+02
383.79,2.36E+02
383.83,2.83E+02
383.87,3.40E+02
383.92,4.22E+02
383.96,4.94E+02
384,5.67E+02
384.05,6.55E+02
384.09,7.18E+02
384.13,7.70E+02
384.17,8.08E+02
384.22,8.33E+02
384.26,8.33E+02
384.3,8.15E+02
384.34,7.80E+02
384.39,7.17E+02
384.43,6.54E+02
384.47,5.84E+02
384.51,5.10E+02
384.56,4.17E+02
384.6,3.47E+02
384.64,2.83E+02
384.68,2.25E+02
384.73,1.64E+02
384.77,1.25E+02
384.81,9.25E+01
384.85,6.72E+01
384.9,4.37E+01
384.94,3.02E+01
384.98,2.05E+01
385.02,1.36E+01
385.07,7.86E+00
385.11,4.96E+00
385.15,3.06E+00
385.19,1.85E+00
385.24,9.55E-01
385.28,5.50E-01
385.32,3.10E-01
385.36,1.71E-01
385.41,7.85E-02
385.45,4.12E-02
385.49,2.12E-02
385.53,1.06E-02
385.58,4.36E-03
385.62,2.09E-03
385.66,9.78E-04
385.7,4.48E-04
385.75,1.64E-04
385.79,7.16E-05
385.83,3.06E-05
385.87,1.28E-05
385.92,4.16E-06
385.96,1.66E-06
386,6.46E-07
386.04,2.46E-07
386.09,7.15E-08
386.13,2.60E-08
386.17,9.22E-09
386.21,3.21E-09
386.26,8.30E-10
386.3,2.75E-10
386.34,8.90E-11
386.38,2.82E-11
386.43,6.51E-12
386.47,1.97E-12
386.51,5.81E-13
386.55,1.68E-13
389.7,2.70E-13
389.74,9.12E-13
389.78,3.02E-12
389.83,1.31E-11
389.87,4.13E-11
389.91,1.28E-10
389.95,3.87E-10
390,1.50E-09
390.04,4.35E-09
390.08,1.23E-08
390.12,3.42E-08
390.17,1.19E-07
390.21,3.14E-07
390.25,8.14E-07
390.29,2.07E-06
390.34,6.43E-06
390.38,1.56E-05
390.42,3.70E-05
390.46,8.59E-05
390.51,2.39E-04
390.55,5.31E-04
390.59,1.15E-03
390.63,2.45E-03
390.68,6.11E-03
390.72,1.24E-02
390.76,2.47E-02
390.81,5.65E-02
390.85,1.07E-01
390.89,1.99E-01
390.93,3.63E-01
390.98,7.44E-01
391.02,1.29E+00
391.06,2.20E+00
391.1,3.66E+00
391.15,6.72E+00
391.19,1.07E+01
391.23,1.66E+01
391.27,2.53E+01
391.32,4.17E+01
391.36,6.06E+01
391.4,8.64E+01
391.44,1.21E+02
391.49,1.78E+02
391.53,2.37E+02
391.57,3.09E+02
391.61,3.94E+02
391.66,5.20E+02
391.7,6.34E+02
391.74,7.58E+02
391.78,8.87E+02
391.83,1.05E+03
391.87,1.17E+03
391.91,1.29E+03
391.95,1.38E+03
392,1.47E+03
392.04,1.52E+03
392.08,1.53E+03
392.12,1.52E+03
392.17,1.47E+03
392.21,1.41E+03
392.25,1.33E+03
392.29,1.23E+03
392.34,1.11E+03
392.38,1.01E+03
392.42,9.12E+02
392.46,8.20E+02
392.51,7.14E+02
392.55,6.37E+02
392.59,5.67E+02
392.63,5.03E+02
392.68,4.31E+02
392.72,3.78E+02
392.76,3.29E+02
392.8,2.83E+02
392.85,2.31E+02
392.89,1.94E+02
392.93,1.60E+02
392.97,1.30E+02
393.02,9.78E+01
393.06,7.64E+01
393.1,5.85E+01
393.14,4.40E+01
393.19,2.99E+01
393.23,2.15E+01
393.27,1.52E+01
393.31,1.05E+01
393.36,6.41E+00
393.4,4.23E+00
393.44,2.73E+00
393.48,1.73E+00
393.53,9.48E-01
393.57,5.73E-01
393.61,3.39E-01
393.65,1.97E-01
393.7,9.66E-02
393.74,5.34E-02
393.78,2.90E-02
393.82,1.54E-02
393.87,6.77E-03
393.91,3.43E-03
393.95,1.70E-03
393.99,8.27E-04
394.04,3.26E-04
394.08,1.51E-04
394.12,6.86E-05
394.16,3.05E-05
394.21,1.08E-05
394.25,4.58E-06
394.29,1.91E-06
394.33,8.00E-07
394.38,3.29E-07
394.42,3.19E-07
394.46,6.18E-07
394.5,1.50E-06
394.55,4.66E-06
394.59,1.14E-05
394.63,2.71E-05
394.67,6.35E-05
394.72,1.79E-04
394.76,4.00E-04
394.8,8.76E-04
394.84,1.88E-03
394.89,4.75E-03
394.93,9.74E-03
394.97,1.96E-02
395.01,3.85E-02
395.06,8.73E-02
395.1,1.64E-01
395.14,3.03E-01
395.18,5.46E-01
395.23,1.11E+00
395.27,1.92E+00
395.31,3.24E+00
395.35,5.36E+00
395.4,9.78E+00
395.44,1.55E+01
395.48,2.40E+01
395.52,3.64E+01
395.57,5.96E+01
395.61,8.65E+01
395.65,1.23E+02
395.69,1.71E+02
395.74,2.52E+02
395.78,3.35E+02
395.82,4.36E+02
395.86,5.57E+02
395.91,7.34E+02
395.95,8.96E+02
395.99,1.07E+03
396.03,1.25E+03
396.08,1.48E+03
396.12,1.66E+03
396.16,1.82E+03
396.2,1.96E+03
396.25,2.08E+03
396.29,2.13E+03
396.33,2.14E+03
396.37,2.11E+03
396.42,2.02E+03
396.46,1.91E+03
396.5,1.77E+03
396.54,1.61E+03
396.59,1.39E+03
396.63,1.23E+03
396.67,1.07E+03
396.71,9.29E+02
396.76,7.84E+02
396.8,6.96E+02
396.84,6.35E+02
396.88,5.99E+02
396.93,5.88E+02
396.97,6.03E+02
397.01,6.33E+02
397.05,6.76E+02
397.1,7.39E+02
397.14,7.92E+02
397.18,8.41E+02
397.22,8.84E+02
397.27,9.22E+02
397.31,9.38E+02
397.35,9.38E+02
397.4,9.17E+02
397.44,8.83E+02
397.48,8.35E+02
397.52,7.76E+02
397.57,6.90E+02
397.61,6.15E+02
397.65,5.39E+02
397.69,4.63E+02
397.74,3.73E+02
397.78,3.07E+02
397.82,2.48E+02
397.86,1.97E+02
397.91,1.43E+02
397.95,1.09E+02
397.99,8.08E+01
398.03,5.89E+01
398.08,3.87E+01
398.12,2.70E+01
398.16,1.85E+01
398.2,1.24E+01
398.25,7.33E+00
398.29,4.70E+00
398.33,2.96E+00
398.37,1.82E+00
398.42,9.69E-01
398.46,5.71E-01
398.5,3.30E-01
398.54,1.87E-01
398.59,8.92E-02
398.63,4.83E-02
398.67,2.56E-02
398.71,1.33E-02
398.76,5.71E-03
398.8,2.84E-03
398.84,1.38E-03
398.88,6.58E-04
398.93,2.54E-04
398.97,1.16E-04
399.01,5.17E-05
399.05,2.26E-05
399.1,7.83E-06
399.14,3.27E-06
399.18,1.34E-06
399.22,5.39E-07
399.27,1.68E-07
399.31,6.43E-08
399.35,2.42E-08
399.39,8.92E-09
399.44,2.49E-09
399.48,8.77E-10
399.52,3.03E-10
399.56,1.02E-10
399.61,2.56E-11
399.65,8.29E-12
399.69,2.62E-12
399.73,8.14E-13
399.78,1.83E-13
400.84,4.47E-13
400.88,1.45E-12
400.92,4.67E-12
400.97,1.93E-11
401.01,5.87E-11
401.05,1.75E-10
401.09,5.12E-10
401.14,1.91E-09
401.18,5.33E-09
401.22,1.46E-08
401.26,3.94E-08
401.31,1.32E-07
401.35,3.40E-07
401.39,8.59E-07
401.43,2.13E-06
401.48,6.42E-06
401.52,1.52E-05
401.56,3.54E-05
401.6,8.06E-05
401.65,2.19E-04
401.69,4.78E-04
401.73,1.02E-03
401.77,2.14E-03
401.82,5.26E-03
401.86,1.06E-02
401.9,2.08E-02
401.94,4.00E-02
401.99,8.85E-02
402.03,1.63E-01
402.07,2.96E-01
402.11,5.25E-01
402.16,1.05E+00
402.2,1.78E+00
402.24,2.97E+00
402.28,4.85E+00
402.33,8.72E+00
402.37,1.37E+01
402.41,2.10E+01
402.45,3.15E+01
402.5,5.12E+01
402.54,7.38E+01
402.58,1.04E+02
402.62,1.45E+02
402.67,2.12E+02
402.71,2.82E+02
402.75,3.67E+02
402.79,4.70E+02
402.84,6.22E+02
402.88,7.64E+02
402.92,9.20E+02
402.96,1.09E+03
403.01,1.31E+03
403.05,1.49E+03
403.09,1.66E+03
403.13,1.82E+03
403.18,2.00E+03
403.22,2.12E+03
403.26,2.20E+03
403.3,2.26E+03
403.35,2.29E+03
403.39,2.28E+03
403.43,2.24E+03
403.47,2.18E+03
403.52,2.07E+03
403.56,1.96E+03
403.6,1.84E+03
403.64,1.71E+03
403.69,1.53E+03
403.73,1.39E+03
403.77,1.25E+03
403.81,1.11E+03
403.86,9.39E+02
403.9,8.12E+02
403.94,6.92E+02
403.98,5.83E+02
404.03,4.60E+02
404.07,3.74E+02
404.11,3.00E+02
404.16,2.22E+02
404.2,1.71E+02
404.24,1.30E+02
404.28,9.66E+01
404.33,6.51E+01
404.37,4.66E+01
404.41,3.27E+01
404.45,2.25E+01
404.5,1.38E+01
404.54,9.08E+00
404.58,5.88E+00
404.62,3.73E+00
404.67,2.06E+00
404.71,1.25E+00
404.75,7.47E-01
404.79,4.37E-01
404.84,2.18E-01
404.88,1.22E-01
404.92,6.69E-02
404.96,3.60E-02
405.01,1.62E-02
405.05,8.33E-03
405.09,4.21E-03
405.13,2.09E-03
405.18,8.43E-04
405.22,4.00E-04
405.26,1.86E-04
405.3,8.47E-05
405.35,3.09E-05
405.39,1.35E-05
405.43,5.76E-06
405.47,2.41E-06
405.52,7.93E-07
405.56,3.18E-07
405.6,1.25E-07
405.64,4.83E-08
405.69,1.43E-08
405.73,5.27E-09
405.77,1.91E-09
405.81,6.77E-10
405.86,1.80E-10
405.9,6.13E-11
405.94,2.04E-11
405.98,6.66E-12
406.03,1.60E-12
406.07,5.00E-13
406.11,1.53E-13
406.24,3.88E-14
406.28,1.25E-13
406.32,3.98E-13
406.37,1.64E-12
406.41,4.98E-12
406.45,1.48E-11
406.49,4.34E-11
406.54,1.61E-10
406.58,4.52E-10
406.62,1.24E-09
406.66,3.34E-09
406.71,1.12E-08
406.75,2.90E-08
406.79,7.35E-08
406.83,1.83E-07
406.88,5.54E-07
406.92,1.32E-06
406.96,3.08E-06
407,7.05E-06
407.05,1.93E-05
407.09,4.24E-05
407.13,9.12E-05
407.17,1.93E-04
407.22,4.77E-04
407.26,9.64E-04
407.3,1.91E-03
407.34,3.72E-03
407.39,8.32E-03
407.43,1.55E-02
407.47,2.84E-02
407.51,5.09E-02
407.56,1.03E-01
407.6,1.77E-01
407.64,2.98E-01
407.68,4.92E-01
407.73,8.98E-01
407.77,1.42E+00
407.81,2.21E+00
407.85,3.37E+00
407.9,5.55E+00
407.94,8.11E+00
407.98,1.16E+01
408.02,1.63E+01
408.07,2.43E+01
408.11,3.27E+01
408.15,4.31E+01
408.19,5.59E+01
408.24,7.52E+01
408.28,9.32E+01
408.32,1.13E+02
408.36,1.35E+02
408.41,1.65E+02
408.45,1.88E+02
408.49,2.11E+02
408.53,2.32E+02
408.58,2.55E+02
408.62,2.69E+02
408.66,2.78E+02
408.7,2.82E+02
408.75,2.79E+02
408.79,2.71E+02
408.83,2.59E+02
408.87,2.42E+02
408.92,2.17E+02
408.96,1.94E+02
409,1.70E+02
409.04,1.47E+02
409.09,1.19E+02
409.13,9.81E+01
409.17,7.95E+01
409.21,6.31E+01
409.26,4.61E+01
409.3,3.51E+01
409.34,2.62E+01
409.38,1.92E+01
409.43,1.27E+01
409.47,8.88E+00
409.51,6.11E+00
409.55,4.13E+00
409.6,2.46E+00
409.64,1.59E+00
409.68,1.01E+00
409.72,6.28E-01
409.77,3.38E-01
409.81,2.02E-01
409.85,1.18E-01
409.89,6.76E-02
409.94,3.29E-02
409.98,1.81E-02
410.02,9.74E-03
410.06,5.15E-03
410.11,2.26E-03
410.15,1.15E-03
410.19,5.70E-04
410.23,2.78E-04
410.28,1.10E-04
410.32,5.14E-05
410.36,2.36E-05
410.4,1.06E-05
410.45,3.80E-06
410.49,1.64E-06
410.53,7.17E-07
410.57,3.56E-07
410.62,3.17E-07
410.66,5.90E-07
410.7,1.35E-06
410.74,3.19E-06
410.79,9.18E-06
410.83,2.09E-05
410.87,4.69E-05
410.92,1.25E-04
410.96,2.69E-04
411,5.68E-04
411.04,1.18E-03
411.09,2.85E-03
411.13,5.68E-03
411.17,1.11E-02
411.21,2.12E-02
411.26,4.67E-02
411.3,8.59E-02
411.34,1.55E-01
411.38,2.75E-01
411.43,5.49E-01
411.47,9.35E-01
411.51,1.56E+00
411.55,2.56E+00
411.6,4.64E+00
411.64,7.31E+00
411.68,1.13E+01
411.72,1.72E+01
411.77,2.82E+01
411.81,4.11E+01
411.85,5.89E+01
411.89,8.27E+01
411.94,1.23E+02
411.98,1.66E+02
412.02,2.20E+02
412.06,2.87E+02
412.11,3.88E+02
412.15,4.84E+02
412.19,5.94E+02
412.23,7.15E+02
412.28,8.79E+02
412.32,1.02E+03
412.36,1.15E+03
412.4,1.29E+03
412.45,1.44E+03
412.49,1.54E+03
412.53,1.62E+03
412.57,1.68E+03
412.62,1.71E+03
412.66,1.71E+03
412.7,1.68E+03
412.74,1.63E+03
412.79,1.54E+03
412.83,1.45E+03
412.87,1.36E+03
412.91,1.26E+03
412.96,1.13E+03
413,1.04E+03
413.04,9.48E+02
413.08,8.66E+02
413.13,7.74E+02
413.17,7.07E+02
413.21,6.46E+02
413.25,5.89E+02
413.3,5.22E+02
413.34,4.71E+02
413.38,4.21E+02
413.42,3.73E+02
413.47,3.15E+02
413.51,2.71E+02
413.55,2.30E+02
413.59,1.92E+02
413.64,1.50E+02
413.68,1.21E+02
413.72,9.55E+01
413.76,7.43E+01
413.81,5.29E+01
413.85,3.95E+01
413.89,2.89E+01
413.93,2.08E+01
413.98,1.34E+01
414.02,9.27E+00
414.06,6.28E+00
414.1,4.18E+00
414.15,2.44E+00
414.19,1.56E+00
414.23,9.75E-01
414.27,5.99E-01
414.32,3.17E-01
414.36,1.87E-01
414.4,1.08E-01
414.44,6.14E-02
414.49,2.98E-02
414.53,1.68E-02
414.57,1.02E-02
414.61,7.85E-03
414.66,9.75E-03
414.7,1.59E-02
414.74,2.84E-02
414.78,5.17E-02
414.83,1.08E-01
414.87,1.90E-01
414.91,3.29E-01
414.95,5.59E-01
415,1.06E+00
415.04,1.73E+00
415.08,2.77E+00
415.12,4.35E+00
415.17,7.47E+00
415.21,1.13E+01
415.25,1.67E+01
415.29,2.43E+01
415.34,3.78E+01
415.38,5.27E+01
415.42,7.21E+01
415.46,9.69E+01
415.51,1.37E+02
415.55,1.76E+02
415.59,2.23E+02
415.63,2.77E+02
415.68,3.54E+02
415.72,4.22E+02
415.76,4.94E+02
415.8,5.68E+02
415.85,6.58E+02
415.89,7.25E+02
415.93,7.84E+02
415.97,8.33E+02
416.02,8.75E+02
416.06,8.91E+02
416.1,8.91E+02
416.14,8.75E+02
416.19,8.33E+02
416.23,7.85E+02
416.27,7.27E+02
416.31,6.61E+02
416.36,5.73E+02
416.4,5.03E+02
416.44,4.35E+02
416.48,3.73E+02
416.53,3.07E+02
416.57,2.65E+02
416.61,2.34E+02
416.65,2.15E+02
416.7,2.09E+02
416.74,2.17E+02
416.78,2.38E+02
416.82,2.70E+02
416.87,3.24E+02
416.91,3.77E+02
416.95,4.36E+02
416.99,4.99E+02
417.04,5.80E+02
417.08,6.43E+02
417.12,7.00E+02
417.16,7.49E+02
417.21,7.95E+02
417.25,8.17E+02
417.29,8.25E+02
417.33,8.17E+02
417.38,7.87E+02
417.42,7.48E+02
417.46,6.99E+02
417.5,6.40E+02
417.55,5.59E+02
417.59,4.92E+02
417.63,4.25E+02
417.68,3.44E+02
417.72,2.85E+02
417.76,2.32E+02
417.8,1.85E+02
417.85,1.36E+02
417.89,1.04E+02
417.93,7.85E+01
417.97,5.80E+01
418.02,3.87E+01
418.06,2.74E+01
418.1,1.92E+01
418.14,1.32E+01
418.19,8.22E+00
418.23,5.75E+00
418.27,4.29E+00
418.31,3.67E+00
418.36,3.96E+00
418.4,5.07E+00
418.44,7.09E+00
418.48,1.03E+01
418.53,1.64E+01
418.57,2.35E+01
418.61,3.32E+01
418.65,4.61E+01
418.7,6.80E+01
418.74,9.08E+01
418.78,1.19E+02
418.82,1.54E+02
418.87,2.07E+02
418.91,2.57E+02
418.95,3.14E+02
418.99,3.77E+02
419.04,4.63E+02
419.08,5.37E+02
419.12,6.12E+02
419.16,6.87E+02
419.21,7.78E+02
419.25,8.46E+02
419.29,9.07E+02
419.33,9.59E+02
419.38,1.01E+03
419.42,1.04E+03
419.46,1.06E+03
419.5,1.07E+03
419.55,1.06E+03
419.59,1.04E+03
419.63,1.02E+03
419.67,9.82E+02
419.72,9.31E+02
419.76,8.86E+02
419.8,8.39E+02
419.84,7.91E+02
419.89,7.31E+02
419.93,6.87E+02
419.97,6.46E+02
420.01,6.09E+02
420.06,5.70E+02
420.1,5.45E+02
420.14,5.23E+02
420.18,5.04E+02
420.23,4.84E+02
420.27,4.68E+02
420.31,4.52E+02
420.35,4.35E+02
420.4,4.09E+02
420.44,3.86E+02
420.48,3.59E+02
420.52,3.30E+02
420.57,2.91E+02
420.61,2.59E+02
420.65,2.27E+02
420.69,1.95E+02
420.74,1.58E+02
420.78,1.31E+02
420.82,1.07E+02
420.86,8.52E+01
420.91,6.29E+01
420.95,4.83E+01
420.99,3.65E+01
421.03,2.70E+01
421.08,1.81E+01
421.12,1.29E+01
421.16,9.02E+00
421.2,6.20E+00
421.25,3.78E+00
421.29,2.49E+00
421.33,1.61E+00
421.37,1.03E+00
421.42,5.67E-01
421.46,3.46E-01
421.5,2.08E-01
421.54,1.22E-01
421.59,6.15E-02
421.63,3.47E-02
421.67,1.93E-02
421.71,1.05E-02
421.76,4.81E-03
421.8,2.53E-03
421.84,1.33E-03
421.88,7.26E-04
421.93,4.57E-04
421.97,5.16E-04
422.01,8.41E-04
422.05,1.58E-03
422.1,3.57E-03
422.14,6.80E-03
422.18,1.28E-02
422.22,2.35E-02
422.27,4.91E-02
422.31,8.69E-02
422.35,1.51E-01
422.39,2.58E-01
422.44,4.91E-01
422.48,8.06E-01
422.52,1.30E+00
422.56,2.06E+00
422.61,3.56E+00
422.65,5.41E+00
422.69,8.09E+00
422.73,1.19E+01
422.78,1.87E+01
422.82,2.63E+01
422.86,3.65E+01
422.9,4.96E+01
422.95,7.11E+01
422.99,9.29E+01
423.03,1.19E+02
423.07,1.50E+02
423.12,1.96E+02
423.16,2.37E+02
423.2,2.82E+02
423.24,3.30E+02
423.29,3.91E+02
423.33,4.39E+02
423.37,4.85E+02
423.41,5.25E+02
423.46,5.66E+02
423.5,5.89E+02
423.54,6.03E+02
423.58,6.05E+02
423.63,5.94E+02
423.67,5.73E+02
423.71,5.43E+02
423.75,5.06E+02
423.8,4.51E+02
423.84,4.04E+02
423.88,3.55E+02
423.92,3.06E+02
423.97,2.48E+02
424.01,2.06E+02
424.05,1.68E+02
424.09,1.34E+02
424.14,9.90E+01
424.18,7.61E+01
424.22,5.75E+01
424.26,4.26E+01
424.31,2.86E+01
424.35,2.04E+01
424.39,1.43E+01
424.44,8.91E+00
424.48,5.99E+00
424.52,3.96E+00
424.56,2.57E+00
424.61,1.46E+00
424.65,9.10E-01
424.69,5.57E-01
424.73,3.35E-01
424.78,1.73E-01
424.82,1.00E-01
424.86,5.68E-02
424.9,3.17E-02
424.95,1.49E-02
424.99,7.97E-03
425.03,4.19E-03
425.07,2.17E-03
425.12,9.26E-04
425.16,4.60E-04
425.2,2.24E-04
425.24,1.08E-04
425.29,4.18E-05
425.33,1.92E-05
425.37,8.70E-06
425.41,3.86E-06
425.46,1.37E-06
425.5,5.83E-07
425.54,2.44E-07
425.58,1.01E-07
425.63,3.24E-08
425.67,1.28E-08
425.71,4.97E-09
425.75,1.90E-09
425.8,5.55E-10
425.84,2.04E-10
425.88,7.33E-11
425.92,2.60E-11
425.97,6.91E-12
426.01,2.35E-12
426.05,7.84E-13
426.09,2.57E-13
431.66,3.25E-13
431.71,1.28E-12
431.75,3.76E-12
431.79,1.09E-11
431.83,3.09E-11
431.88,1.11E-10
431.92,3.04E-10
431.96,8.15E-10
432,2.15E-09
432.05,7.08E-09
432.09,1.80E-08
432.13,4.50E-08
432.17,1.11E-07
432.22,3.33E-07
432.26,7.87E-07
432.3,1.83E-06
432.34,4.19E-06
432.39,1.15E-05
432.43,2.53E-05
432.47,5.48E-05
432.51,1.17E-04
432.56,2.92E-04
432.6,5.99E-04
432.64,1.21E-03
432.68,2.39E-03
432.73,5.47E-03
432.77,1.04E-02
432.81,1.95E-02
432.85,3.60E-02
432.9,7.54E-02
432.94,1.34E-01
432.98,2.33E-01
433.02,3.99E-01
433.07,7.65E-01
433.11,1.26E+00
433.15,2.05E+00
433.19,3.26E+00
433.24,5.71E+00
433.28,8.76E+00
433.32,1.32E+01
433.36,1.96E+01
433.41,3.14E+01
433.45,4.48E+01
433.49,6.29E+01
433.53,8.68E+01
433.58,1.27E+02
433.62,1.69E+02
433.66,2.20E+02
433.7,2.83E+02
433.75,3.78E+02
433.79,4.67E+02
433.83,5.67E+02
433.87,6.78E+02
433.92,8.27E+02
433.96,9.51E+02
434,1.08E+03
434.04,1.20E+03
434.09,1.33E+03
434.13,1.43E+03
434.17,1.50E+03
434.21,1.55E+03
434.26,1.58E+03
434.3,1.58E+03
434.34,1.54E+03
434.38,1.49E+03
434.43,1.38E+03
434.47,1.28E+03
434.51,1.17E+03
434.55,1.05E+03
434.6,8.89E+02
434.64,7.66E+02
434.68,6.49E+02
434.72,5.41E+02
434.77,4.21E+02
434.81,3.37E+02
434.85,2.66E+02
434.89,2.06E+02
434.94,1.47E+02
434.98,1.09E+02
435.02,8.02E+01
435.06,5.79E+01
435.11,3.76E+01
435.15,2.61E+01
435.19,1.78E+01
435.23,1.20E+01
435.28,7.09E+00
435.32,4.58E+00
435.36,2.91E+00
435.4,1.82E+00
435.45,9.84E-01
435.49,5.92E-01
435.53,3.50E-01
435.57,2.03E-01
435.62,1.01E-01
435.66,5.63E-02
435.7,3.09E-02
435.74,1.67E-02
435.79,7.57E-03
435.83,3.94E-03
435.87,2.02E-03
435.91,1.01E-03
435.96,4.19E-04
436,2.03E-04
436.04,9.66E-05
436.08,4.52E-05
436.13,1.71E-05
436.17,7.70E-06
436.21,3.41E-06
436.25,1.48E-06
436.3,5.13E-07
436.34,2.15E-07
436.38,8.85E-08
436.42,3.59E-08
436.47,1.13E-08
436.51,4.41E-09
436.55,1.69E-09
436.59,6.38E-10
436.64,1.84E-10
436.68,6.67E-11
436.72,2.38E-11
436.76,8.35E-12
436.81,2.20E-12
436.85,7.43E-13
436.89,2.47E-13
453.43,1.09E-13
453.47,3.08E-13
453.52,1.11E-12
453.56,3.03E-12
453.6,8.18E-12
453.64,2.17E-11
453.69,7.20E-11
453.73,1.85E-10
453.77,4.67E-10
453.81,1.16E-09
453.86,3.55E-09
453.9,8.52E-09
453.94,2.02E-08
453.98,4.70E-08
454.03,1.32E-07
454.07,2.98E-07
454.11,6.60E-07
454.15,1.44E-06
454.2,3.74E-06
454.24,7.88E-06
454.28,1.64E-05
454.32,3.35E-05
454.37,8.01E-05
454.41,1.58E-04
454.45,3.07E-04
454.49,5.89E-04
454.54,1.30E-03
454.58,2.40E-03
454.62,4.37E-03
454.66,7.85E-03
454.71,1.59E-02
454.75,2.76E-02
454.79,4.71E-02
454.83,7.92E-02
454.88,1.48E-01
454.92,2.41E-01
454.96,3.85E-01
455,6.06E-01
455.05,1.05E+00
455.09,1.59E+00
455.13,2.38E+00
455.17,3.51E+00
455.22,5.58E+00
455.26,7.95E+00
455.3,1.11E+01
455.34,1.54E+01
455.39,2.26E+01
455.43,3.01E+01
455.47,3.95E+01
455.51,5.12E+01
455.56,6.91E+01
455.6,8.63E+01
455.64,1.06E+02
455.68,1.29E+02
455.73,1.60E+02
455.77,1.88E+02
455.81,2.16E+02
455.85,2.46E+02
455.9,2.82E+02
455.94,3.09E+02
455.98,3.33E+02
456.02,3.55E+02
456.07,3.75E+02
456.11,3.85E+02
456.15,3.89E+02
456.19,3.88E+02
456.24,3.78E+02
456.28,3.64E+02
456.32,3.45E+02
456.36,3.22E+02
456.41,2.89E+02
456.45,2.60E+02
456.49,2.31E+02
456.53,2.02E+02
456.58,1.67E+02
456.62,1.41E+02
456.66,1.17E+02
456.7,9.60E+01
456.75,7.31E+01
456.79,5.78E+01
456.83,4.51E+01
456.87,3.46E+01
456.92,2.43E+01
456.96,1.80E+01
457,1.31E+01
457.04,9.43E+00
457.09,6.10E+00
457.13,4.24E+00
457.17,2.90E+00
457.21,1.95E+00
457.26,1.16E+00
457.3,7.56E-01
457.34,4.84E-01
457.38,3.05E-01
457.43,1.68E-01
457.47,1.02E-01
457.51,6.12E-02
457.55,3.62E-02
457.6,1.83E-02
457.64,1.05E-02
457.68,5.87E-03
457.72,3.25E-03
457.77,1.52E-03
457.81,8.10E-04
457.85,4.26E-04
457.89,2.21E-04
457.94,9.50E-05
457.98,4.76E-05
458.02,2.35E-05
458.07,9.48E-06
458.11,4.51E-06
458.15,2.12E-06
458.19,9.77E-07
458.24,3.64E-07
458.28,1.62E-07
458.32,7.13E-08
458.36,3.09E-08
458.41,1.07E-08
458.45,4.64E-09
458.49,2.36E-09
458.53,2.07E-09
458.58,4.26E-09
458.62,9.67E-09
458.66,2.25E-08
458.7,5.18E-08
458.75,1.44E-07
458.79,3.21E-07
458.83,7.06E-07
458.87,1.53E-06
458.92,3.93E-06
458.96,8.22E-06
459,1.69E-05
459.04,3.44E-05
459.09,8.15E-05
459.13,1.60E-04
459.17,3.09E-04
459.21,5.89E-04
459.26,1.29E-03
459.3,2.37E-03
459.34,4.30E-03
459.38,7.69E-03
459.43,1.55E-02
459.47,2.68E-02
459.51,4.56E-02
459.55,7.64E-02
459.6,1.43E-01
459.64,2.31E-01
459.68,3.68E-01
459.72,5.79E-01
459.77,9.97E-01
459.81,1.51E+00
459.85,2.27E+00
459.89,3.34E+00
459.94,5.31E+00
459.98,7.56E+00
460.02,1.06E+01
460.06,1.47E+01
460.11,2.15E+01
460.15,2.88E+01
460.19,3.79E+01
460.23,4.91E+01
460.28,6.66E+01
460.32,8.34E+01
460.36,1.03E+02
460.4,1.25E+02
460.45,1.57E+02
460.49,1.84E+02
460.53,2.13E+02
460.57,2.44E+02
460.62,2.81E+02
460.66,3.10E+02
460.7,3.37E+02
460.74,3.60E+02
460.79,3.84E+02
460.83,3.97E+02
460.87,4.05E+02
460.91,4.06E+02
460.96,4.00E+02
461,3.88E+02
461.04,3.71E+02
461.08,3.49E+02
461.13,3.17E+02
461.17,2.89E+02
461.21,2.59E+02
461.25,2.28E+02
461.3,1.91E+02
461.34,1.63E+02
461.38,1.37E+02
461.42,1.14E+02
461.47,8.81E+01
461.51,7.05E+01
461.55,5.56E+01
461.59,4.32E+01
461.64,3.09E+01
461.68,2.32E+01
461.72,1.72E+01
461.76,1.25E+01
461.81,8.24E+00
461.85,5.81E+00
461.89,4.03E+00
461.93,2.76E+00
461.98,1.68E+00
462.02,1.11E+00
462.06,7.21E-01
462.1,4.63E-01
462.15,2.60E-01
462.19,1.61E-01
462.23,9.83E-02
462.27,5.92E-02
462.32,3.07E-02
462.36,1.78E-02
462.4,1.02E-02
462.44,5.76E-03
462.49,2.76E-03
462.53,1.50E-03
462.57,8.08E-04
462.61,4.28E-04
462.66,1.89E-04
462.7,9.66E-05
462.74,4.87E-05
462.78,2.42E-05
462.83,9.86E-06
462.87,4.73E-06
462.91,2.24E-06
462.95,1.04E-06
463,3.92E-07
463.04,1.76E-07
463.08,7.82E-08
463.12,3.41E-08
463.17,1.19E-08
463.21,5.01E-09
463.25,2.08E-09
463.29,8.53E-10
463.34,2.74E-10
463.38,1.08E-10
463.42,4.23E-11
463.46,1.62E-11
463.51,4.81E-12
463.55,1.79E-12
463.59,6.54E-13
463.63,2.36E-13
463.68,6.44E-14
